swiggy_zomato_usage,amazon_usage,phone_model,gdp_growth,salary_credit_sms,min_balance_trend,unemployment_rate,loans_active,rooted_device,location_consistency,inflation,form_fill_time_sec,finance_app_usage,ebanking_transactions_level,loan_repayment_status
4,9,1,7.99,1,0,7.67,3,0,0,5.15,314,medium,4,0.39
2,3,1,6.13,0,1,7.28,4,0,0,4.72,103,high,3,0.45
5,9,1,7.13,0,1,6.57,1,0,2,5.32,439,low,3,0.33
1,8,2,6.3,0,0,6.22,2,0,2,4.61,404,high,4,0.59
3,5,1,5.9,0,0,6.59,3,1,0,5.17,540,low,4,0.49
9,6,0,7.06,0,0,8.06,3,1,0,5.35,149,medium,2,0.47
7,3,0,6.18,0,1,6.45,0,1,0,5.22,185,medium,4,0.23
8,6,1,6.51,0,0,6.97,5,1,2,5.15,36,low,2,0.61
1,0,2,5.72,1,0,6.29,4,0,2,5.46,115,low,3,0.52
2,0,2,5.55,1,1,7.72,0,1,0,4.93,82,low,4,0.24
7,9,1,6.17,0,0,7.07,2,1,0,5.21,538,medium,3,0.65
2,4,1,5.55,0,1,8.11,4,1,1,5.29,241,medium,1,0.8
0,6,0,5.51,1,0,7.11,0,0,2,5.73,88,medium,3,0.45
8,6,1,6.89,1,0,6.51,4,1,1,5.43,236,high,4,0.54
2,3,1,6.2,1,0,6.32,5,1,0,5.21,308,high,2,0.67
7,9,0,6.85,0,0,6.47,2,0,1,4.72,230,medium,2,0.45
4,2,1,7.86,1,0,7.32,1,0,0,4.96,181,low,3,0.19
0,2,2,5.69,1,1,7.13,4,0,2,5.12,352,high,2,0.77
9,0,2,5.9,0,0,7.15,0,0,1,4.88,267,high,2,0.7
5,8,1,6.85,1,0,6.11,4,0,2,5.09,306,high,4,0.54
0,2,0,8,0,1,8.25,3,0,2,4.69,509,low,1,0.5
5,0,2,6.54,0,0,7.96,0,1,2,4.88,166,medium,1,0.7
2,2,0,6.34,1,0,6.04,1,0,1,5.93,156,medium,1,0.46
6,1,2,7,0,1,7.68,5,0,1,5.31,301,low,1,0.65
6,8,2,6.97,1,1,7.44,3,1,1,4.78,484,low,3,0.42
6,7,0,7.33,1,0,6.98,0,0,1,5.81,265,medium,3,0.26
6,9,0,7.13,1,1,6.28,5,0,2,4.55,514,medium,1,0.31
2,9,1,7.78,1,0,7.37,4,1,2,5.91,40,medium,2,0.58
1,7,1,5.89,0,0,8.33,2,0,1,5.27,529,low,3,0.64
8,9,2,7.08,1,1,7.66,3,1,0,4.79,472,low,3,0.27
4,6,0,5.75,1,0,6.65,5,0,2,5.38,338,medium,2,0.58
1,0,2,7.91,1,0,7.56,4,0,2,5.25,139,low,2,0.57
6,4,0,7.27,0,0,7.73,5,0,2,4.9,366,low,1,0.58
3,8,0,6.79,0,1,7.9,3,0,1,4.99,195,medium,3,0.34
5,3,0,7.04,0,1,8.23,4,0,2,5.54,45,low,1,0.46
6,3,0,6.44,1,0,7.04,4,1,0,5.77,301,high,2,0.66
3,6,0,7.43,0,1,6.67,0,1,2,4.57,528,low,3,0.23
6,2,2,6.25,1,1,6.1,2,0,1,5.5,311,high,2,0.54
5,5,1,6.06,0,1,8.15,4,0,1,5.33,157,low,2,0.49
8,3,1,6.15,1,0,7.56,5,1,2,5.27,497,low,4,0.63
0,4,0,7.06,1,1,7.77,3,1,1,5.88,451,medium,3,0.43
3,3,2,7.18,0,1,8.37,5,1,0,5.57,437,low,3,0.55
1,6,2,7.9,1,0,7.32,1,0,0,5.85,80,high,1,0.52
1,2,0,6.84,0,1,6.66,4,0,1,5.34,522,low,3,0.47
8,8,1,6.8,0,0,6.09,0,1,0,4.83,91,low,4,0.21
7,2,2,6.85,0,1,8.36,4,0,2,5.18,225,high,1,0.88
8,2,2,6.8,0,0,7.3,5,0,2,5.12,565,low,2,0.85
2,1,2,6.16,0,0,8.43,3,1,2,5.84,463,low,4,0.8
6,9,2,7.55,0,0,7.18,0,0,0,5.36,355,low,4,0.41
7,4,2,7.84,1,0,8.03,4,0,1,5.28,87,medium,1,0.56
0,0,1,6.64,0,1,7.25,4,0,2,4.94,170,medium,2,0.57
3,4,2,5.69,0,1,7,2,0,2,5.87,540,low,2,0.69
2,6,1,6.68,0,1,6.06,4,1,0,5.2,130,medium,1,0.53
6,0,2,7.34,0,1,7.01,4,1,2,5.32,48,low,2,0.58
5,7,0,5.68,0,0,6.65,2,0,0,5.34,91,low,4,0.25
2,4,2,6.51,0,0,6.58,0,1,0,5.63,234,medium,4,0.57
2,6,0,6.86,1,0,6.5,4,1,2,5.02,499,high,4,0.58
2,3,1,6.55,1,1,6.17,4,0,2,4.77,121,medium,2,0.35
9,9,1,5.68,1,0,6.98,4,1,1,5.58,230,low,3,0.49
2,1,1,5.94,1,0,6.53,4,1,0,5.12,426,high,3,0.62
8,7,0,6.84,1,0,6.53,5,0,2,4.91,564,medium,1,0.51
9,3,2,7.4,1,1,7.24,2,1,1,5.3,221,low,4,0.37
6,8,2,6.39,1,0,7.11,0,1,1,5.89,551,low,3,0.56
3,8,0,5.64,0,0,8.24,4,1,0,4.68,471,high,2,0.66
8,3,2,6.35,1,0,7.36,2,1,1,4.63,135,low,3,0.42
9,4,2,5.66,1,1,8.2,3,1,0,5.82,211,medium,3,0.54
9,5,0,6.78,0,1,6.3,4,0,0,5.1,46,high,1,0.44
1,4,1,5.92,1,1,7.6,5,1,0,4.52,503,high,2,0.57
4,6,1,7.67,0,0,7.09,1,0,2,5.74,588,high,1,0.75
5,6,1,7.6,0,1,7.93,1,0,1,5,305,high,2,0.53
1,8,1,7.9,0,1,6.97,3,1,0,5.31,590,low,4,0.31
4,4,2,6.44,0,1,7.32,0,1,1,4.96,493,low,4,0.45
9,7,2,6.59,1,0,8.16,1,0,1,5.03,442,low,2,0.58
1,6,0,6.83,1,1,6.39,2,1,0,4.74,83,high,4,0.14
3,0,1,5.97,0,1,6.75,3,1,2,5.44,435,medium,4,0.58
2,5,1,6.66,0,1,7.24,2,1,1,5.44,463,low,2,0.64
4,9,0,7.75,1,0,7.81,4,1,2,4.84,324,high,1,0.61
8,9,2,6.76,0,0,8.32,0,1,0,5.62,178,medium,3,0.56
2,6,1,7.87,0,0,6.54,3,0,1,5.98,120,high,1,0.56
2,3,2,5.71,0,0,8.27,4,0,2,4.99,32,medium,2,0.7
3,4,2,5.98,1,0,6.41,3,0,2,5.5,561,high,3,0.66
8,7,1,7.79,0,1,8.09,4,0,2,4.56,205,high,1,0.59
5,0,1,5.67,1,1,6.37,3,1,1,5.59,393,high,2,0.56
0,7,0,6.92,1,0,7.16,2,1,2,4.57,92,medium,3,0.44
8,6,0,7.9,0,0,7.59,4,1,1,4.58,459,medium,4,0.44
6,7,0,7.3,1,1,7.63,3,0,2,5.86,171,low,2,0.27
6,5,1,7.78,0,0,8.13,5,1,1,4.73,276,medium,1,0.66
6,0,1,7.84,0,0,6.66,5,0,2,5.38,161,medium,4,0.45
1,6,1,6.18,1,1,8.08,0,1,0,5.83,425,medium,3,0.45
5,9,2,7.51,1,0,6.24,2,0,2,5.15,69,medium,1,0.45
6,1,0,7.06,0,0,6.17,0,0,1,5.04,259,medium,3,0.4
2,5,2,7.43,1,1,7.75,2,0,2,4.67,572,high,3,0.44
2,5,2,5.86,0,0,6.27,0,0,1,5.4,211,high,1,0.75
5,0,1,5.78,0,1,7.33,3,1,1,5.75,138,medium,2,0.61
7,2,2,5.76,0,1,8.37,0,0,0,5.83,300,low,4,0.45
9,7,2,7.52,0,0,8.33,5,1,0,5.38,88,low,3,0.51
1,5,0,6.82,0,0,7.4,4,0,0,5.14,100,high,2,0.63
5,2,2,7.71,0,1,7.54,0,1,0,5.5,296,high,1,0.65
6,0,2,7.39,0,1,7.89,3,1,2,5.86,255,low,3,0.61
6,2,1,5.8,0,0,7.67,3,1,2,4.76,514,low,2,0.71
0,4,0,5.87,0,1,7.93,5,0,1,4.65,266,high,3,0.57
4,0,0,7.4,1,1,7.36,5,1,2,4.66,463,medium,3,0.42
0,7,2,7.56,1,0,8.47,4,1,2,4.99,330,medium,4,0.53
4,7,0,7.96,1,1,8.19,2,0,1,4.53,133,low,3,0.07
7,8,2,6.99,1,1,8.24,5,1,0,5.37,419,medium,3,0.56
8,1,2,6.71,0,0,8.33,0,0,0,5.6,192,low,4,0.45
1,9,0,7.88,1,0,7.46,1,0,1,5.24,239,high,3,0.47
7,2,1,5.86,1,0,7.06,2,1,0,5.69,551,low,2,0.59
7,1,1,6.24,1,1,7.98,0,1,0,5.68,404,low,4,0.35
7,0,0,5.83,0,1,7.83,5,1,1,5.79,593,high,3,0.7
6,8,2,5.59,1,1,8.19,4,0,2,5.91,94,high,1,0.64
4,5,2,6.5,1,0,7.82,4,0,0,5.51,60,medium,1,0.61
7,1,2,7.87,0,0,7.54,3,1,0,4.57,571,low,1,0.61
5,2,1,7.94,1,0,6.92,2,1,1,4.8,555,low,3,0.29
8,5,2,6.16,0,1,7.11,3,1,2,5.02,97,medium,2,0.67
0,6,0,7.8,0,1,7.6,0,1,0,4.7,481,medium,4,0.25
5,8,2,6.66,0,0,7.98,0,0,0,5.68,276,low,3,0.56
2,4,2,7.68,0,1,8.33,0,1,1,4.85,200,low,4,0.37
2,4,0,7.7,0,0,6.43,0,1,2,5.06,122,high,4,0.42
4,8,1,6.62,1,0,6.07,5,0,2,5.37,489,high,3,0.63
6,3,0,7.16,1,1,7.25,2,1,0,5.05,94,medium,2,0.27
8,0,0,7.56,0,0,6.86,0,0,1,4.81,393,medium,1,0.4
3,9,1,5.68,0,1,8.46,5,0,2,5.39,141,medium,4,0.53
0,6,0,7.33,0,0,7.35,0,0,0,4.84,509,low,2,0.35
3,0,1,6.85,0,0,6.94,0,1,2,5.32,266,low,2,0.67
5,1,1,5.59,0,1,6.21,1,1,2,5.55,537,low,1,0.62
0,1,0,6.54,1,0,7.69,1,1,0,4.52,543,medium,2,0.51
6,7,2,7.6,0,0,7.2,4,0,0,4.84,58,high,4,0.39
5,6,1,7.64,0,1,6.33,1,0,2,5.41,323,low,4,0.28
0,7,1,6.01,0,0,6.4,3,1,0,4.95,439,medium,4,0.46
2,7,2,5.91,1,0,7.55,4,0,1,4.93,413,low,4,0.48
3,0,0,7.33,1,1,7.7,0,1,1,5.32,280,high,3,0.42
3,9,2,7.53,0,1,7.45,0,1,2,4.7,438,high,2,0.58
7,1,0,7.81,0,0,6.76,1,1,2,5.28,163,low,3,0.37
2,6,1,5.91,1,1,8.2,1,0,1,5.28,173,low,3,0.32
1,9,1,7.21,0,1,7.35,1,0,2,5.44,505,medium,4,0.47
8,6,0,6.61,0,0,8.04,5,0,2,5.18,144,medium,2,0.66
3,5,0,5.69,0,1,7.3,2,1,0,4.55,319,low,4,0.32
7,4,1,6.38,0,0,7.24,4,1,0,4.58,362,medium,2,0.66
8,2,2,7.94,0,0,8.42,4,1,0,5.23,215,high,1,0.83
0,5,1,6.02,0,1,7.01,5,0,1,5.61,233,low,1,0.7
2,0,0,5.88,0,0,7.79,1,0,2,5.62,591,high,1,0.86
7,2,0,7.29,1,0,7.2,4,1,0,5.38,54,low,2,0.38
8,5,0,7.31,0,1,6.48,2,1,0,5.25,68,medium,4,0.15
4,1,2,7.17,1,0,6.16,2,1,0,4.89,387,high,2,0.46
1,7,1,6.73,0,0,7.38,1,1,2,5.6,318,low,3,0.72
6,0,1,5.64,0,1,8.16,1,1,1,4.82,568,high,4,0.52
9,9,0,7.56,1,1,7.51,1,0,1,5.87,294,low,2,0.28
1,2,1,7.29,1,0,8.41,1,1,0,4.97,569,medium,2,0.46
3,5,2,7.58,1,0,7.41,2,0,2,5.45,441,high,1,0.72
3,9,2,7.88,0,0,6.04,0,0,0,4.62,118,high,4,0.23
5,0,2,7.59,1,1,7.51,1,1,0,4.71,373,low,3,0.27
1,4,0,7.44,1,0,6.19,2,1,2,5.15,188,high,2,0.46
5,2,0,6.01,0,1,6.84,0,1,0,4.71,144,low,2,0.2
0,3,1,6.21,1,1,6.56,0,0,0,5.27,567,low,4,0.22
2,9,2,7.02,0,0,7.66,2,0,2,4.51,515,medium,3,0.59
6,8,1,5.52,1,0,7.96,5,0,0,5.71,123,high,1,0.61
5,5,0,5.68,1,0,6.62,1,1,2,5.29,536,high,3,0.53
1,9,1,6.73,0,0,6.11,2,0,1,4.6,358,high,3,0.54
9,3,2,7.29,1,1,6.3,3,0,1,5.56,238,low,3,0.29
2,4,2,5.5,1,1,8.38,3,1,2,5.59,72,low,3,0.53
0,6,1,6.82,1,1,6.2,2,1,2,5.97,325,low,2,0.49
9,2,1,7.56,1,1,6.99,2,0,0,5.61,240,high,3,0.29
6,8,1,6.38,1,1,6.32,3,0,0,4.63,552,high,1,0.37
7,8,2,5.77,0,0,7.9,4,0,2,5.9,546,medium,2,0.84
6,0,1,8,0,0,6.39,3,1,1,5.89,96,low,2,0.46
7,8,2,6.47,0,1,7.22,1,0,2,5.9,371,low,1,0.68
2,7,1,7.37,1,1,6.4,1,1,2,5.28,428,medium,2,0.42
3,9,2,7.77,0,1,8.15,3,0,1,5.06,434,high,2,0.64
9,4,1,5.92,0,1,6.67,4,1,1,4.84,386,medium,3,0.46
1,7,1,7.7,0,1,6.66,3,0,1,4.69,585,medium,3,0.31
7,2,0,5.72,1,0,7.27,4,1,2,5.64,285,high,2,0.78
9,3,1,7.33,0,1,7.98,5,1,2,5.97,335,high,3,0.68
5,0,2,6.15,0,0,6.23,0,0,1,4.74,533,medium,2,0.55
8,6,2,7.48,1,0,8.01,0,1,2,6,443,low,1,0.61
0,2,0,6.17,1,0,6.28,0,1,0,5.89,428,low,3,0.39
7,5,0,6.11,0,0,7.48,4,0,1,5.65,117,medium,2,0.59
0,6,2,5.77,0,1,7.21,2,0,1,5.63,418,medium,3,0.64
9,5,1,7.15,0,0,7.38,5,1,1,4.97,415,low,1,0.61
2,7,1,7.51,0,0,6.95,0,1,1,5.72,59,low,2,0.4
6,9,1,5.81,1,1,7.12,1,1,0,5.84,499,medium,1,0.53
4,9,2,6.53,1,0,8.36,0,0,2,4.54,411,high,4,0.53
8,2,0,6.46,0,0,6.69,4,0,0,5,293,high,2,0.63
6,1,1,6.31,1,1,7.1,0,1,2,5.3,356,high,1,0.7
4,3,1,5.7,0,0,6.74,3,1,0,5.49,238,low,1,0.66
8,1,0,6.42,1,1,7.04,0,1,2,5.33,305,medium,1,0.6
2,0,2,7.12,1,1,7.97,3,1,1,5.21,163,low,1,0.5
3,7,1,5.84,1,0,6.72,3,0,0,5.36,523,medium,2,0.49
9,4,0,6.4,1,0,7.08,3,1,0,5.16,532,medium,4,0.49
1,3,0,6.91,1,0,6.35,5,1,1,5.71,155,high,2,0.57
9,5,1,7.25,0,0,6.57,2,1,0,5.76,268,low,3,0.4
2,1,1,5.54,0,1,8.31,4,0,1,5.37,418,high,2,0.77
5,4,2,5.79,0,1,6.43,3,1,2,5.08,224,low,2,0.64
7,8,0,6.77,1,0,7.22,0,1,1,5.51,275,low,2,0.51
6,3,2,6.05,0,1,6.55,3,0,1,4.84,589,medium,4,0.39
7,1,2,7.5,0,0,6.49,3,1,2,5.28,426,medium,2,0.71
9,1,0,6.25,1,0,7.13,4,1,1,5.28,202,high,3,0.68
0,2,1,6.45,0,1,6.88,0,1,1,5.29,558,high,1,0.69
3,8,2,7.4,0,1,6.12,1,0,0,5.78,185,high,4,0.25
7,4,1,7.11,0,0,6.58,4,1,0,5.97,563,medium,2,0.56
9,7,1,7.6,0,0,8.02,1,0,1,5.04,547,high,3,0.58
5,2,0,6.81,0,0,6.03,3,0,2,5.4,333,low,3,0.56
0,2,1,7.43,0,1,6.02,0,0,1,4.54,210,low,4,0.19
9,2,2,7.71,0,0,6.93,5,0,0,5.23,457,medium,4,0.5
1,1,2,6.38,1,1,6.93,2,1,2,5.82,122,low,2,0.48
5,5,1,5.83,1,0,7.41,3,0,2,4.69,147,high,1,0.57
5,9,2,5.81,1,1,7.61,1,0,0,4.68,517,high,1,0.48
8,1,2,7.33,1,0,6.09,4,1,2,5.66,594,medium,4,0.53
8,1,0,6.86,0,1,6.91,4,0,2,5.07,200,high,3,0.58
3,1,2,7.38,0,0,7.53,5,1,2,4.75,324,medium,4,0.67
8,9,2,7.15,1,1,6.1,4,1,2,6,531,low,3,0.39
7,1,2,7.87,1,0,8.35,2,0,1,5.78,580,high,2,0.64
6,4,1,6.71,1,1,6.05,4,0,0,5.26,365,low,2,0.36
0,6,1,7.19,1,1,6.03,4,0,1,4.82,241,low,2,0.23
7,2,0,6.1,1,1,6.28,0,0,0,5.58,231,low,3,0.2
0,8,1,6.53,0,1,6.97,3,1,1,4.79,586,medium,4,0.41
9,6,1,6.29,1,1,6.1,1,1,2,4.91,151,medium,2,0.28
4,1,0,5.66,0,1,7.36,0,0,2,5.2,144,high,2,0.57
8,0,1,6.15,0,1,7.67,1,0,2,5.91,499,medium,2,0.67
6,1,2,6.18,1,1,7.66,3,0,2,4.81,154,high,2,0.51
7,7,1,5.93,1,1,6.34,3,0,0,4.82,396,medium,2,0.27
9,0,2,7.83,0,0,8.05,3,1,0,5.84,296,low,4,0.56
0,6,2,7.36,0,1,7.2,0,0,2,5.71,249,low,4,0.45
7,6,2,6.79,0,0,7.29,4,0,2,5.48,298,medium,2,0.84
1,4,0,7.88,1,1,6.78,4,0,1,5.82,253,high,3,0.35
6,6,1,7.23,0,0,6.26,5,1,2,5.11,264,medium,2,0.66
7,6,1,7.11,0,0,8.19,3,1,2,4.5,40,low,4,0.37
5,2,0,7.63,1,0,7.87,4,1,1,5.53,330,high,2,0.63
4,9,0,7.36,1,1,7.85,4,0,1,5.15,360,high,1,0.51
2,7,2,6.93,0,1,7.74,0,0,0,5.35,317,high,4,0.55
8,4,0,6.7,0,1,7.62,1,0,2,4.71,548,medium,2,0.5
0,2,1,5.86,0,1,8.01,0,0,0,5.1,286,medium,4,0.49
7,8,0,6.72,0,0,7.18,5,1,0,4.8,91,medium,3,0.46
3,3,0,6.93,0,1,7.4,1,1,2,5.02,532,medium,1,0.72
8,1,2,7.09,1,0,7.64,2,0,0,5.73,37,high,1,0.54
1,4,0,6.69,0,1,6,2,1,2,5.28,167,medium,4,0.41
2,6,2,7.31,0,0,6.71,4,1,2,5.08,549,high,1,0.83
2,6,2,6.15,0,0,7.87,2,0,0,5.99,530,high,2,0.79
0,5,1,6.38,1,1,8.06,0,1,2,5.94,257,high,1,0.7
1,4,0,6.66,1,0,8.12,1,0,1,5.74,219,low,1,0.59
8,5,2,6.12,0,1,6.54,5,0,1,5.89,295,medium,4,0.51
6,0,1,7.91,1,1,6.86,0,1,0,5.71,125,low,1,0.2
5,8,1,6.31,0,1,6.73,1,0,2,4.61,141,low,4,0.18
6,1,2,7.33,1,0,7.85,2,1,0,5.49,333,low,4,0.44
0,1,2,7.27,1,0,6.14,4,1,1,5.03,244,medium,1,0.67
1,5,1,5.7,0,1,6.89,3,1,2,4.53,356,medium,3,0.51
0,0,0,7.4,1,1,7.15,2,1,1,4.72,377,high,4,0.33
9,2,1,7.16,0,0,6.6,1,1,1,4.86,577,high,4,0.42
6,4,2,7.49,1,1,8.4,2,1,0,4.65,294,low,1,0.37
0,8,1,7.83,1,0,6.95,4,1,0,5.92,592,low,2,0.43
9,0,2,7.96,1,1,6.89,3,1,0,4.82,174,low,1,0.21
6,8,1,6.92,1,0,7.7,3,1,2,5.94,201,medium,2,0.72
5,1,1,6.86,0,0,6.24,1,0,1,5.38,175,low,3,0.42
5,7,2,5.86,1,0,6.99,2,1,2,4.76,533,medium,1,0.6
9,2,1,5.73,1,1,7.25,4,0,2,5.74,454,low,4,0.48
1,8,2,5.8,1,1,6.6,4,1,0,5.03,120,low,1,0.43
9,8,0,6.95,0,0,7.39,0,1,0,4.96,158,high,1,0.51
4,7,2,5.65,0,1,6.06,3,1,0,5.33,142,medium,3,0.44
5,3,0,6.08,1,0,7.24,2,0,2,5.01,135,low,2,0.47
3,0,0,7.31,0,0,7.65,3,0,1,5.02,400,medium,2,0.63
2,7,0,7.47,1,1,6.24,1,0,2,5.9,421,medium,1,0.37
4,6,2,7.11,1,0,6.53,2,1,0,5.11,363,high,3,0.47
6,8,1,7.51,0,0,6.17,1,0,1,4.66,397,low,4,0.23
4,7,1,5.76,1,1,6.12,2,0,0,4.88,536,medium,4,0.17
3,0,0,7.18,1,0,6.7,2,1,2,4.57,305,high,4,0.36
4,1,0,7.18,0,1,8.03,2,0,2,5.28,491,low,3,0.46
3,6,1,6.14,1,1,7.2,4,0,2,5.68,351,medium,4,0.51
1,9,2,5.76,0,1,6.59,1,1,0,5.36,418,medium,4,0.47
9,4,1,6.9,0,0,6.24,5,1,1,5.16,453,high,3,0.73
7,1,0,7.54,1,0,6.43,1,0,2,5.74,249,medium,3,0.37
3,0,1,6.66,0,1,7.34,5,0,0,5.65,493,medium,2,0.67
8,7,0,5.55,1,1,8.25,5,0,1,4.88,594,medium,3,0.36
4,4,1,6.85,0,1,7.65,0,1,1,5.39,223,high,2,0.7
1,7,0,6.1,0,1,6.89,1,1,1,5.47,244,medium,4,0.42
0,5,1,6.44,0,0,6.54,0,0,0,5.96,105,medium,1,0.5
8,1,2,6.73,0,1,7.67,4,0,0,5.14,484,medium,4,0.58
5,6,1,5.51,0,0,7.21,2,1,2,5.18,103,medium,3,0.65
8,3,2,5.8,1,1,7.2,4,1,1,4.55,385,low,2,0.51
1,8,0,6.87,1,1,8.5,2,0,2,4.76,207,medium,3,0.39
2,1,1,7.34,0,0,6.05,3,1,0,5.24,86,low,4,0.35
1,2,0,7.88,0,1,6.84,2,1,1,5.9,540,high,4,0.43
6,4,1,7.07,1,1,6.6,2,0,2,4.97,424,low,1,0.27
4,1,0,6.09,0,0,7.18,0,1,0,5.9,531,low,1,0.67
3,9,2,6.41,0,1,6.03,4,1,1,5.72,514,medium,3,0.61
9,4,1,7.13,0,1,7.87,3,0,1,5.61,384,medium,3,0.49
7,3,2,6.54,0,1,6.42,5,1,1,4.86,509,low,1,0.58
9,1,0,6.6,1,0,6.11,3,0,1,4.68,557,high,4,0.36
2,5,1,6.33,0,1,6.48,5,1,2,4.62,509,high,1,0.7
5,9,0,5.58,0,1,8.21,4,1,1,5.12,325,high,3,0.64
8,5,2,5.72,1,1,7.15,2,1,2,4.82,577,medium,2,0.55
6,9,2,5.88,0,1,6.47,3,0,2,4.72,407,high,3,0.52
2,5,0,7.53,0,1,6.39,5,1,1,4.71,125,medium,2,0.3
7,2,0,6.75,0,1,7.27,2,1,0,5.39,462,low,4,0.44
9,2,2,7.82,0,0,8.3,1,0,2,4.61,570,low,3,0.52
1,5,0,6.86,0,0,7.8,0,0,1,4.54,115,high,4,0.4
8,9,1,6.78,1,0,7.55,5,1,2,5.96,170,high,4,0.61
9,9,2,7.26,1,0,8.47,4,0,0,4.67,559,high,2,0.49
1,7,1,6.86,1,0,7.4,4,1,0,5.6,319,high,1,0.78
3,7,2,5.67,0,0,6.44,3,1,0,4.72,480,medium,3,0.54
4,1,0,7.12,0,0,8.2,4,0,2,4.56,298,low,3,0.5
6,4,1,6.28,1,1,8.44,2,1,0,5.56,384,medium,4,0.42
8,4,0,7.2,1,1,7.11,2,1,1,5.26,209,medium,1,0.47
2,4,0,7.25,1,0,6.71,4,1,1,5.47,585,high,4,0.45
8,7,0,6.87,0,1,8.34,1,1,0,5.09,595,medium,1,0.58
6,4,0,7.59,0,0,6.48,5,0,1,4.87,56,low,1,0.33
2,5,2,6.2,1,1,6.48,2,0,2,5.59,37,low,2,0.39
4,3,2,7.61,0,1,6.93,4,0,1,4.85,314,low,4,0.28
0,8,0,6.49,0,0,6.85,1,1,2,5.06,468,medium,3,0.62
1,1,0,7.92,1,1,7.12,5,1,2,4.92,350,high,4,0.44
0,5,1,5.89,1,0,8.28,0,1,1,4.91,329,high,3,0.55
5,9,2,6.65,0,1,6.06,2,1,0,5.54,560,medium,1,0.6
4,1,1,7.89,0,1,7.72,4,0,0,5.07,394,high,2,0.6
1,9,0,6.17,0,1,6.26,3,0,0,5.3,589,high,3,0.46
6,1,2,7.58,0,0,7.11,4,0,0,5.39,250,high,2,0.73
0,9,0,5.71,1,0,7.75,1,1,1,5.25,251,medium,1,0.67
2,1,1,6.63,1,0,8.02,2,1,0,5.16,327,low,4,0.53
6,2,1,5.92,0,0,7.39,5,1,0,5.49,405,high,2,0.85
2,2,0,7.95,1,1,6.89,3,0,2,4.9,77,low,3,0.1
0,5,1,7.44,0,0,6.32,2,0,2,4.99,487,high,4,0.44
9,5,2,6.71,1,1,7.39,0,1,0,5.12,61,medium,4,0.31
8,9,0,6.74,0,1,7.87,4,1,2,5.61,248,low,4,0.54
4,9,2,7.07,0,1,7.91,0,0,0,5.57,184,medium,3,0.33
0,0,1,7.63,1,1,8.32,4,1,2,4.75,397,medium,2,0.52
6,2,2,7.92,1,1,7.53,1,0,0,5.62,331,low,1,0.42
2,1,2,7.8,0,0,7.43,0,0,0,4.99,235,medium,2,0.54
6,1,1,6.87,0,0,7.79,4,0,0,5.97,434,high,3,0.73
1,2,2,6.49,1,1,8.26,0,0,0,5.49,64,high,3,0.44
4,4,1,7.26,1,1,6.69,3,1,1,5.85,235,medium,4,0.31
4,4,1,6.96,1,0,7.43,3,0,2,5.12,341,medium,2,0.71
3,5,2,6.44,0,1,7.53,0,1,0,5.56,155,low,2,0.48
0,2,1,7.49,1,0,7.36,4,1,1,5.27,60,low,1,0.57
1,1,1,7.73,0,0,8.36,3,0,2,5.78,473,medium,1,0.8
7,4,1,6.28,1,0,6.36,0,1,1,5.68,597,high,3,0.53
5,9,1,7.69,0,0,8.15,4,1,0,5.08,106,medium,3,0.49
6,4,1,7.67,1,1,7.43,5,1,0,4.63,72,high,1,0.38
7,3,0,6.15,1,0,6.46,4,0,1,5.6,311,medium,1,0.56
5,5,0,5.7,1,0,6.71,2,0,0,4.86,456,high,1,0.4
0,0,2,5.82,1,1,8.26,5,1,1,5.35,120,low,2,0.59
5,1,1,6.03,1,1,6.08,0,0,2,5.74,333,medium,1,0.5
1,9,1,7.59,0,1,6.32,5,1,1,5.66,228,low,2,0.5
5,4,0,6.3,0,1,6.69,2,0,1,4.88,94,medium,4,0.17
6,9,1,6.03,1,1,7.57,0,0,1,4.57,141,medium,3,0.21
9,8,0,6.28,1,1,7.67,4,0,2,5.91,585,medium,4,0.44
8,2,1,6.34,1,0,7.88,5,0,0,5.57,236,high,1,0.75
6,2,2,6.49,1,1,8.15,0,1,0,4.94,86,high,1,0.45
8,6,0,7.74,0,1,6.13,3,0,2,5,503,medium,1,0.47
4,1,1,7.72,1,1,7.76,4,1,0,5.32,275,high,1,0.6
2,5,2,6.61,1,0,7.5,4,1,0,4.85,95,medium,4,0.43
8,9,1,6.34,1,1,6.11,4,0,1,4.68,455,low,3,0.24
2,0,1,6.41,1,0,7.21,5,0,2,4.59,166,medium,4,0.49
0,2,2,6.93,0,0,8.09,1,0,2,5.39,445,low,3,0.76
3,3,2,5.75,1,1,6.76,0,1,0,5.47,548,high,2,0.5
3,4,1,7.78,1,0,7.87,2,0,2,5.6,244,high,4,0.54
9,7,1,6.92,0,1,7.48,4,1,2,4.61,292,medium,2,0.64
3,1,2,7.83,1,1,8,4,0,1,5.91,93,high,4,0.4
3,7,0,7.63,0,1,6.92,3,0,2,4.61,424,medium,4,0.24
5,0,0,7.84,0,0,7.34,1,1,1,4.94,324,medium,2,0.52
7,8,0,5.89,1,0,7.84,1,1,2,4.68,454,low,1,0.53
2,3,1,7.97,1,0,8.01,1,1,2,5.08,264,low,1,0.64
6,9,0,7.04,1,1,6.81,2,1,1,5.36,418,high,2,0.35
0,2,0,7.16,1,0,6.92,4,0,2,5.58,568,low,4,0.37
2,7,1,7.86,0,0,6.08,0,0,0,5.81,39,high,4,0.3
6,6,1,7.48,0,1,8.41,2,0,1,4.52,179,high,4,0.25
0,6,0,6.14,1,1,7.67,1,0,2,5.93,244,low,1,0.52
8,2,0,7.05,0,0,6.92,1,0,1,5.89,527,high,2,0.52
2,2,1,6.02,0,0,7.72,1,0,1,5.91,65,high,3,0.66
1,1,2,6.74,0,1,8.41,1,1,2,5.86,343,high,4,0.76
9,0,2,6.5,0,1,8.18,3,0,2,5.78,559,low,2,0.71
3,3,0,6.8,0,1,7.02,2,0,1,5.45,30,low,2,0.44
5,0,0,7.94,1,1,8.28,5,0,1,5.59,130,medium,3,0.3
9,6,0,7.06,1,1,6,3,0,1,5.99,588,high,1,0.37
6,5,0,5.63,1,1,7.69,0,0,2,5,455,medium,4,0.36
8,9,2,6.08,0,1,7.36,0,1,0,5.8,333,low,4,0.46
0,3,1,7.63,1,0,6.07,5,0,0,5.41,566,low,1,0.47
8,9,1,6.65,1,0,7.24,5,1,0,5.67,207,medium,3,0.61
6,7,0,6.66,1,1,7.66,0,0,2,5.07,225,medium,4,0.36
8,3,2,6.65,1,1,7.26,0,0,2,5.41,407,medium,1,0.63
6,3,2,5.63,1,0,6.4,3,0,0,5.25,385,medium,2,0.54
0,2,2,5.63,1,1,6.17,2,1,2,5.22,279,low,4,0.48
5,1,2,7,1,0,6.35,0,0,2,5.71,221,high,3,0.5
4,3,0,6.71,0,0,6.33,3,1,2,5.32,413,medium,2,0.71
3,9,2,5.98,1,0,7.53,2,1,1,4.65,444,high,4,0.57
1,9,0,7.3,1,0,6.23,2,0,0,5.22,277,low,3,0.24
3,6,1,6.64,0,1,6.81,4,0,1,4.69,430,medium,4,0.36
4,6,0,7.36,1,0,7.75,5,1,2,5.18,377,low,3,0.53
4,7,0,7.21,1,0,8.17,2,0,2,5.16,403,high,4,0.47
1,5,2,6.54,1,1,6.52,1,0,2,5.63,542,high,1,0.62
1,4,0,5.55,0,0,7.51,4,1,0,5.73,39,low,3,0.55
0,2,2,6.03,0,1,6.91,0,0,1,4.96,197,high,3,0.39
2,9,2,6.21,1,0,7.73,1,1,0,5.01,162,high,1,0.67
0,8,1,6.69,1,0,6.71,4,1,1,4.58,214,high,1,0.63
1,0,1,6.02,1,1,6.02,3,0,0,5.42,100,high,1,0.45
3,1,1,6.77,0,0,8.16,1,0,0,5.78,386,medium,4,0.59
8,1,1,6.53,0,1,7.12,4,1,2,4.65,456,low,3,0.58
9,6,0,6.03,0,0,6.44,1,1,2,5.55,398,high,3,0.63
0,3,1,7.13,0,1,7.48,4,0,2,5.66,369,medium,2,0.65
1,6,1,6.62,0,1,7.43,0,1,2,5.01,546,high,1,0.8
5,7,1,5.95,1,0,8.34,5,1,2,5.51,369,low,1,0.76
9,5,2,7.56,1,0,7.54,0,1,1,5.73,406,low,1,0.56
7,8,2,5.59,0,0,7.54,2,1,2,4.81,480,medium,1,0.8
7,3,2,6.01,0,1,6.22,2,1,2,4.92,252,medium,2,0.57
6,3,1,7.61,0,1,8.24,2,0,0,5.58,102,low,3,0.27
2,7,0,7.99,0,0,7.89,1,1,1,5.87,491,medium,3,0.57
7,3,2,6.52,0,0,7.23,3,1,0,5.69,247,low,1,0.79
6,9,2,7.11,1,0,7.19,3,1,0,5.02,519,high,3,0.57
4,4,2,7.49,1,0,6.64,2,1,1,5.1,424,low,2,0.49
4,7,1,6.03,0,1,7.82,1,0,1,4.81,158,medium,2,0.4
0,7,2,6.61,1,1,8.45,2,1,2,4.72,122,low,3,0.39
2,5,2,5.64,0,1,6.33,0,0,2,4.62,285,low,1,0.5
5,1,0,6.48,0,1,7.09,3,0,0,5.32,325,low,3,0.46
0,7,2,5.72,1,0,8.28,2,1,2,4.84,41,high,2,0.64
2,3,0,7.07,0,0,6.92,5,0,2,4.98,32,high,1,0.52
0,5,1,6.53,1,0,6.12,0,0,2,5.93,592,low,4,0.4
0,3,0,6.38,1,0,8.04,2,0,0,4.67,89,high,3,0.36
5,7,0,6.39,1,1,7.52,3,0,0,4.81,95,high,2,0.27
7,0,2,7.76,1,0,7.03,4,0,1,5.28,438,high,3,0.63
1,4,1,5.51,0,0,7.71,3,1,2,5.9,463,low,3,0.78
4,9,1,7.69,1,0,7.6,2,0,0,5.05,143,low,1,0.37
1,8,1,7.49,1,0,6.38,3,0,0,4.87,395,low,2,0.26
1,8,1,7.83,1,0,6.97,4,1,1,5.45,412,low,2,0.48
6,8,0,7.97,0,0,6.41,5,1,2,5.6,397,high,1,0.71
8,0,1,7.67,0,1,8.15,0,0,2,5.25,228,high,3,0.55
8,8,1,7.89,1,0,6.98,2,0,2,5.9,261,medium,3,0.4
1,6,0,6.91,1,1,6.19,2,0,2,5.36,359,medium,1,0.49
3,4,2,7.39,1,1,7.41,2,1,0,5.61,325,high,2,0.54
8,8,2,5.52,1,0,8.36,4,1,2,5.53,345,low,3,0.69
7,7,0,6.33,0,0,7.15,2,0,1,5.81,86,low,1,0.55
8,6,0,5.79,1,1,8.47,4,1,0,5.27,58,low,2,0.34
0,9,2,7.23,0,0,6.7,4,1,1,4.72,480,medium,4,0.48
0,5,0,7,1,0,6.4,5,1,2,4.79,259,medium,1,0.5
6,3,0,7.95,1,1,6,4,0,2,5.24,323,medium,2,0.36
0,8,0,5.89,1,1,6.15,0,1,2,5.72,547,high,4,0.4
2,6,1,6.27,0,1,7.3,0,1,1,5.47,282,medium,4,0.55
2,7,0,6.66,0,1,7.18,4,1,2,5.18,462,medium,4,0.63
5,5,0,6.52,0,1,7.57,5,0,2,5.89,318,high,1,0.76
0,3,0,6.89,1,1,6.48,2,0,0,5.6,224,low,4,0.21
7,5,2,5.73,0,0,6.8,1,1,0,5.94,466,high,3,0.63
7,9,1,6.88,0,1,7.9,5,0,0,4.88,411,high,4,0.46
1,3,2,5.8,0,0,6.25,5,1,0,5.22,253,high,3,0.77
0,7,1,5.63,1,1,7.49,3,0,2,5.2,362,high,3,0.61
6,3,0,7.41,0,0,7.1,0,1,2,5.76,579,low,4,0.48
3,5,1,6.64,0,1,7.26,5,0,2,5.97,162,high,4,0.58
8,7,1,5.99,0,1,7.12,4,1,0,4.52,284,low,2,0.49
9,9,0,5.86,1,0,8.25,5,0,2,5.2,288,low,1,0.66
1,4,2,7.17,1,1,7.59,0,1,1,5.5,139,high,1,0.52
3,5,1,6.81,1,1,6.67,5,0,1,5.93,417,high,2,0.53
7,6,2,5.84,0,0,8.39,1,0,0,5.09,464,high,4,0.63
1,0,1,7.77,1,1,8.07,0,1,1,5.46,85,low,3,0.29
6,8,0,5.87,1,0,8.37,2,1,0,5.67,467,low,4,0.4
8,4,2,6.11,1,0,8.1,1,0,0,5.23,138,high,3,0.5
1,3,1,6.74,0,0,7.06,0,0,0,5.49,536,low,3,0.57
3,9,2,6.72,0,1,6.48,4,1,0,5.47,217,medium,2,0.61
6,3,1,7.47,1,0,6.12,3,1,2,4.96,58,medium,3,0.29
0,9,2,5.51,0,1,7.82,2,0,2,5.82,369,medium,2,0.74
0,2,1,5.62,0,1,7.86,0,1,1,5.52,509,high,2,0.74
3,0,2,7.69,0,0,8.34,1,1,0,5.84,569,low,4,0.54
9,8,0,6.94,1,1,6.6,5,0,2,5.61,509,low,4,0.31
8,4,0,6.97,1,1,6.46,1,0,2,5.79,580,medium,3,0.35
5,0,2,6.58,0,0,7.15,0,0,2,5.99,37,high,2,0.75
5,7,1,7.47,1,0,6.48,0,0,0,5.77,266,low,3,0.21
1,1,2,5.52,1,0,6.55,3,0,0,5.43,555,low,2,0.55
9,2,1,7.28,1,0,7.02,4,0,2,5.82,589,medium,2,0.63
1,1,1,5.52,1,0,7.69,2,1,2,5.92,89,medium,1,0.73
1,0,2,6.51,0,0,6.5,5,1,1,5.45,173,medium,4,0.64
0,7,1,5.61,0,1,7.03,3,0,0,4.97,434,medium,1,0.56
1,5,0,7.97,1,1,8.03,4,1,1,5.9,293,medium,2,0.48
9,4,0,6.11,1,0,7.03,4,0,1,5.25,443,low,1,0.61
8,5,2,7.92,1,0,8.29,2,1,1,5.27,378,low,1,0.6
9,3,0,5.58,0,1,7.9,0,0,2,5.26,554,high,1,0.68
0,1,0,6.43,0,0,8.44,5,0,1,5.24,305,high,4,0.74
1,9,0,6.12,0,0,7.35,0,0,0,5.05,93,high,3,0.5
8,3,1,6.99,0,1,8.07,2,0,1,5.18,571,medium,3,0.57
2,9,0,6.03,0,0,7.38,1,1,2,4.52,422,high,4,0.62
9,7,0,7.88,1,1,6.59,0,0,2,4.8,110,medium,3,0.01
7,1,1,5.57,0,1,6.14,5,0,1,4.68,384,low,1,0.5
6,4,2,7.61,0,1,8.18,2,0,1,5.86,358,medium,4,0.47
9,7,0,6.09,1,1,7.08,4,0,0,5.49,71,medium,1,0.39
4,6,2,6.17,1,0,6.17,3,1,0,5.35,242,low,1,0.59
2,0,0,5.55,1,1,6.94,1,1,2,5.16,179,low,3,0.31
7,9,1,6.71,1,1,7.78,5,0,2,4.64,527,medium,4,0.41
6,9,2,6.99,0,0,8.34,5,0,0,5.28,493,high,4,0.71
8,8,0,6.18,0,1,7.95,4,1,2,5.66,586,high,4,0.64
9,6,0,6.34,1,1,8.43,1,0,2,5.79,496,high,2,0.53
3,0,2,5.86,1,0,6.57,1,1,2,4.98,136,medium,3,0.44
1,4,0,6.93,1,0,6,5,1,2,5.33,404,medium,2,0.67
8,5,0,6.65,0,0,7.01,3,1,2,4.56,449,low,1,0.67
8,4,1,6.31,1,0,6.75,1,1,0,5.73,504,low,3,0.4
4,9,2,6.93,1,1,7.5,1,0,0,5.51,88,low,2,0.35
2,1,2,6.97,1,1,7.22,2,0,1,5.72,421,high,3,0.63
5,0,2,7.1,1,0,6.84,2,0,1,5.11,173,medium,3,0.34
4,3,2,7.96,1,1,7.96,4,0,1,5.12,204,medium,4,0.43
1,7,1,7.46,0,0,7.36,3,0,2,4.6,480,low,2,0.56
2,4,0,7.76,0,1,7.4,5,0,0,5.12,287,high,1,0.62
0,0,0,7.84,0,1,6.37,2,1,1,5.77,194,low,2,0.33
0,0,0,5.59,0,0,8.45,2,0,1,5.31,251,low,4,0.58
2,7,0,5.76,0,1,7.67,5,0,2,5.41,31,high,1,0.7
6,3,2,7.95,0,0,6.67,2,1,2,4.74,482,high,2,0.62
2,7,2,5.74,1,1,7.63,2,0,0,4.51,407,low,3,0.34
4,3,2,7.78,1,1,6.86,3,0,0,4.61,99,high,1,0.26
8,5,1,5.59,1,1,6.42,1,0,1,5.28,97,high,4,0.23
1,0,2,6.26,1,0,7.54,5,0,2,5.14,567,high,1,0.94
1,2,1,7.68,1,0,8.17,5,0,2,5.37,519,low,2,0.64
0,4,1,6.77,0,0,6.54,0,1,2,5.6,395,low,1,0.72
9,4,2,6.2,0,0,8.19,3,0,0,5.53,479,medium,2,0.74
6,5,0,6.51,1,0,7.73,3,1,1,5.19,526,low,4,0.47
3,5,0,5.99,0,1,7.97,5,1,0,4.91,315,high,2,0.58
7,4,2,6.51,1,1,6.64,5,0,0,4.91,193,high,2,0.33
3,9,1,6.56,0,0,6.11,4,1,0,4.94,102,low,3,0.36
5,4,0,7.36,0,1,6.85,5,0,0,5.68,569,medium,1,0.43
1,4,2,6.26,1,1,8.41,4,1,0,5.33,115,high,4,0.5
8,4,0,6.79,0,1,7.59,0,0,2,5.56,497,medium,3,0.53
5,3,2,7.65,0,0,7.89,0,0,2,5.17,204,low,1,0.68
3,9,0,7.44,0,0,6.61,0,0,1,5.01,374,low,4,0.28
6,3,1,6.09,0,1,6.96,5,0,0,4.99,504,low,2,0.38
8,5,2,7.5,1,0,6.77,2,1,1,5.65,242,low,3,0.4
1,2,1,6.95,1,0,6.82,2,0,2,5.66,409,high,3,0.63
8,0,1,6.55,1,1,6.48,4,1,2,4.95,506,medium,2,0.48
5,3,2,7.77,0,1,6.32,0,1,1,5.74,559,low,2,0.43
9,9,1,7.43,1,0,6.22,2,0,1,5.8,79,medium,4,0.2
2,7,0,5.62,1,1,8.48,3,0,2,4.97,538,low,4,0.31
7,6,0,7.11,0,1,6.06,4,1,1,5.57,309,low,4,0.29
7,8,2,5.61,0,1,6.45,2,1,1,4.61,368,high,4,0.45
4,9,0,6.89,0,1,7.96,3,0,2,5.34,343,high,3,0.64
3,6,1,6.46,1,1,7.39,4,1,0,5.31,286,high,3,0.56
9,4,2,6.1,0,0,7.67,3,0,2,5.88,35,high,4,0.69
8,8,2,7.06,1,1,6.63,3,0,0,4.52,145,low,4,0
9,1,1,5.9,1,1,6.26,2,0,0,5.42,243,low,2,0.34
9,2,0,7.67,0,0,8.37,2,1,0,4.8,449,high,4,0.44
6,5,0,7.88,0,1,8.29,3,1,0,4.52,209,high,1,0.47
1,9,1,7.94,0,0,6.74,0,0,1,5.43,510,high,2,0.55
0,8,1,7.36,0,0,8.46,3,1,0,4.55,445,high,2,0.61
0,0,0,6.34,0,0,6.93,4,1,0,5.42,211,medium,4,0.57
0,3,2,7.96,0,0,6.77,1,1,2,5.43,204,low,1,0.69
7,3,0,5.69,0,1,8.21,2,0,0,5.64,32,low,4,0.27
2,9,1,7.47,1,1,7.58,2,1,2,4.81,173,low,1,0.34
9,9,2,6.67,0,1,6.27,5,0,1,5.71,369,high,1,0.71
6,3,0,7.51,0,1,7.36,0,0,1,5.4,159,medium,2,0.33
4,9,2,6.32,0,1,7.46,1,1,2,5.61,195,low,4,0.5
0,0,0,7.76,0,1,8.22,3,0,2,4.61,301,high,4,0.45
1,9,0,7.97,1,1,7.64,3,1,1,5.14,56,medium,3,0.31
1,6,0,6.4,0,1,8.09,0,1,1,5.3,422,low,2,0.55
0,2,1,7.23,0,0,6.24,2,1,1,5.31,47,high,2,0.58
3,0,0,5.6,1,1,6.42,1,0,2,5.73,119,high,4,0.29
4,5,2,6.73,1,1,8.08,0,0,2,4.56,175,medium,4,0.28
9,0,0,5.68,1,0,7.26,1,1,1,5.11,472,high,2,0.67
3,6,1,5.52,1,0,6.62,1,1,0,4.76,185,medium,2,0.3
1,4,1,6.51,0,0,6.44,1,1,0,5.83,483,high,4,0.59
1,0,1,7.5,1,0,7.35,0,0,2,5.68,429,high,2,0.64
0,9,2,7.35,0,0,7.61,2,0,2,4.69,420,medium,3,0.59
0,0,2,6.3,0,0,7.42,4,0,2,4.61,412,medium,1,0.87
9,5,2,7.74,0,1,8.1,0,1,0,4.52,143,medium,2,0.31
0,6,1,5.63,0,0,7.24,3,1,1,5.26,460,medium,2,0.81
6,3,2,6.27,0,1,7.08,4,0,1,5.06,76,high,3,0.61
4,6,0,6.39,1,0,6.23,5,1,1,5.79,473,high,3,0.58
8,7,1,6.63,1,1,8.45,4,0,2,5.11,412,low,2,0.54
5,7,0,7.06,1,0,6.02,3,0,2,5.8,474,low,3,0.32
5,9,0,5.54,0,0,8.11,0,0,1,5.94,470,high,1,0.71
3,2,1,7.45,1,1,7.66,2,0,0,5.11,414,medium,1,0.46
7,4,0,7.67,1,1,7.37,0,1,1,4.55,514,low,4,0.13
4,6,2,6.4,1,1,6.96,5,0,2,5.4,446,low,1,0.58
6,9,0,6.38,1,1,6.18,5,0,2,5.69,194,medium,3,0.31
7,6,0,7.06,1,1,7.58,5,1,2,5.63,207,high,1,0.61
6,1,2,7.71,0,0,6.81,2,1,2,5.46,199,low,2,0.54
2,2,1,7.56,1,1,6.6,3,1,0,5.16,353,low,2,0.35
9,5,2,7.24,1,1,6.26,3,0,2,4.76,77,high,3,0.22
9,9,2,7.64,1,0,7.97,0,0,0,5.75,389,high,2,0.51
7,0,1,6.1,1,0,6.16,5,1,0,4.82,487,low,1,0.5
8,3,2,7.54,1,1,7.46,3,1,0,5.27,250,low,1,0.49
8,0,1,7.26,1,0,6.16,4,1,0,5.31,262,medium,1,0.53
6,5,0,7.02,1,0,7.77,4,0,1,5.41,81,medium,2,0.39
8,9,0,5.82,1,0,8.4,4,0,1,5.48,379,medium,4,0.49
7,7,0,7.26,1,1,7.13,1,0,0,4.97,364,high,4,0.13
9,6,2,6.91,0,1,6.46,5,0,2,5.11,65,medium,2,0.56
4,1,2,5.92,0,1,7.97,3,0,1,4.8,79,low,1,0.53
6,3,1,5.88,0,1,7.36,4,1,0,4.52,195,low,1,0.46
4,4,1,7.78,0,0,7.15,3,1,0,5.27,43,medium,1,0.61
5,9,1,5.87,0,1,8.45,5,1,1,5.71,94,high,1,0.71
1,1,0,7.31,0,1,8.36,1,0,2,4.7,192,low,2,0.31
5,2,0,7.77,0,1,7.85,5,0,2,4.83,88,medium,2,0.4
5,4,1,7.43,1,1,7.21,2,1,2,5.12,405,low,2,0.47
5,2,2,6.51,1,0,7.34,4,1,2,4.52,306,high,2,0.78
7,2,1,5.8,1,1,6.78,3,0,0,5,120,low,4,0.16
4,7,1,5.72,1,1,6.94,2,1,1,5.54,292,medium,4,0.37
6,9,1,7.82,1,0,6.1,0,1,0,5.51,104,medium,1,0.31
8,9,2,7.96,0,0,8.01,5,1,1,5.09,45,low,1,0.66
8,1,1,5.62,0,0,6.56,0,0,1,5.89,240,high,3,0.6
9,5,2,7.28,0,1,7.24,3,0,2,4.64,353,low,2,0.47
0,4,0,6.19,1,1,7.52,0,1,1,5.1,360,medium,3,0.47
4,4,0,6.61,1,0,6.71,3,1,1,5.4,263,high,2,0.61
0,1,1,6.3,0,1,7.81,4,1,1,5.13,89,medium,1,0.72
7,2,0,7.25,1,1,7.83,5,0,0,5.66,222,medium,2,0.4
3,2,0,6.83,0,1,7.76,4,1,2,4.6,569,medium,3,0.6
9,1,2,6.75,1,1,6.96,0,1,1,5.7,359,low,4,0.35
8,7,0,6.82,1,0,6.89,4,0,0,5.14,298,low,1,0.44
8,7,0,6.8,1,1,6.41,2,0,2,5.26,424,high,1,0.5
6,6,1,7.63,0,0,6.23,2,0,1,5.44,190,medium,2,0.4
3,0,2,6.52,1,1,7.8,1,1,1,4.69,590,medium,3,0.49
6,3,2,6.52,1,1,7.37,5,0,0,5.53,325,high,3,0.58
8,8,0,7.33,1,1,6.03,1,0,0,5.96,240,high,4,0.13
3,5,0,6.9,1,1,7.32,2,0,0,4.84,231,high,2,0.37
9,3,2,5.98,0,0,6.64,0,1,0,5.17,73,low,2,0.48
6,2,1,6.12,0,1,7.68,4,0,2,4.53,595,low,4,0.48
5,3,2,7.12,0,0,7.37,1,1,0,4.9,165,medium,1,0.5
0,6,2,6.37,0,0,6.24,1,1,1,4.94,69,medium,2,0.52
8,1,2,7.98,1,0,6.03,5,1,1,4.69,425,low,1,0.5
3,6,0,6.41,1,0,7.22,3,0,2,4.58,499,medium,3,0.49
4,4,2,6.16,1,1,8.37,4,1,0,4.98,513,high,3,0.53
8,6,0,7.74,1,1,6.49,4,1,2,5.45,258,high,1,0.49
8,9,2,7.65,0,1,7.95,5,0,1,5.33,384,high,3,0.61
9,4,0,5.96,1,0,6.44,5,0,2,5.85,383,low,3,0.48
8,4,2,5.96,0,1,7.68,3,0,0,5.42,347,high,1,0.74
0,2,1,7.57,1,0,6.19,1,0,2,5.21,233,high,4,0.46
6,4,1,7.52,1,0,7.87,1,1,1,4.69,508,low,4,0.3
5,0,0,7.01,1,0,7.34,4,0,0,5.41,597,low,4,0.33
5,0,0,7.42,0,1,6.79,4,0,1,5.88,295,low,2,0.38
7,4,1,6.97,0,0,8.31,0,0,1,5.99,243,low,1,0.68
9,8,0,6.65,1,0,7.27,2,1,2,4.93,251,high,2,0.6
2,2,0,7.31,1,0,6.53,4,0,2,5.86,256,high,2,0.57
3,1,1,7.66,0,1,7.21,2,0,2,5.71,488,medium,1,0.66
6,2,1,5.51,1,1,7.81,2,1,0,5.39,305,medium,3,0.49
2,2,0,5.98,0,1,6.98,3,1,2,5.66,534,high,2,0.7
0,7,1,6.64,0,0,6.54,0,0,0,4.78,544,high,3,0.45
5,9,2,5.64,1,1,6.25,2,1,0,4.99,309,medium,2,0.35
9,0,1,7.13,1,0,7.24,4,0,2,4.5,559,high,2,0.58
5,2,2,7.9,1,1,6.66,4,1,2,5.19,534,low,1,0.53
6,7,0,7.88,1,1,7.19,5,0,1,5.55,354,medium,3,0.36
9,2,2,7.55,0,1,6.89,3,1,1,5.02,468,high,3,0.56
7,4,0,6.44,1,1,8.32,0,0,1,4.63,119,high,1,0.33
2,4,2,5.89,0,0,7.76,5,0,2,5.13,353,low,3,0.82
8,9,1,6.36,1,1,8.06,1,1,1,5.82,111,medium,1,0.48
9,1,2,7.07,0,0,6.96,5,1,1,5.29,268,high,1,0.8
5,9,1,5.93,1,1,6.12,2,1,2,5.48,548,low,4,0.35
7,7,1,7.51,1,0,6.81,5,1,0,4.63,382,low,3,0.26
6,0,2,6.13,0,0,6.47,3,1,1,4.81,416,high,1,0.76
0,9,1,6.3,0,0,6.51,0,1,0,4.53,210,high,3,0.5
1,2,1,6.25,1,0,7.85,2,0,0,4.82,315,medium,3,0.48
3,6,1,6.81,1,1,8.49,0,1,0,4.9,148,medium,1,0.33
8,3,1,5.55,1,1,7.94,1,1,0,5.22,332,medium,1,0.55
0,9,1,7.35,1,0,7.58,5,0,0,4.54,122,medium,4,0.25
2,0,1,7.16,0,1,7.86,4,0,2,5.18,218,medium,4,0.57
9,4,1,6.68,1,1,6.57,0,0,0,5.67,529,high,1,0.43
9,6,2,6.5,1,1,6.64,2,0,2,5.09,50,medium,3,0.35
1,1,2,5.73,1,1,7.62,2,0,1,5.94,160,medium,2,0.53
5,3,2,6.5,0,0,6.13,5,1,2,4.68,407,high,4,0.68
5,1,1,7.24,0,1,7.62,2,1,1,4.99,146,high,3,0.39
3,8,2,6.86,1,0,7.22,2,1,2,5.63,330,high,2,0.82
4,6,0,5.71,1,1,7.13,1,1,1,5.14,67,low,1,0.4
4,9,0,7.98,0,0,7.51,0,0,0,4.64,591,low,3,0.28
2,0,0,5.73,1,1,8.24,3,1,0,4.63,107,medium,2,0.35
5,8,1,7.13,0,1,7.01,5,1,0,5.21,455,low,1,0.56
4,5,1,7.18,1,1,6.06,0,0,2,5.85,582,low,1,0.33
6,1,1,7.69,0,0,7.22,1,0,1,5.93,56,low,3,0.42
9,7,0,6.25,0,1,6.79,5,1,0,5.7,599,low,4,0.36
3,0,0,5.99,0,0,7.47,4,0,0,5.15,178,low,4,0.45
8,6,2,5.88,0,1,6.76,1,1,0,5.56,443,medium,2,0.53
6,0,2,7.1,1,0,8.48,5,1,2,5.07,153,high,3,0.65
2,3,1,7.41,1,0,6.3,4,1,1,4.69,596,high,3,0.45
0,4,0,5.89,0,0,8.33,3,0,1,4.81,364,low,2,0.58
7,6,0,5.93,1,0,7.51,2,0,0,5.09,451,medium,3,0.45
1,9,2,7.72,0,1,6.66,0,1,0,4.69,99,low,4,0.1
2,0,2,7.92,1,1,8.47,1,0,2,5.84,69,low,2,0.41
0,5,1,6,0,1,8.22,2,0,0,4.98,550,low,4,0.34
8,3,2,6.36,0,1,7.33,5,1,2,5.83,322,medium,2,0.83
6,6,2,5.93,1,1,7.09,0,0,0,5.05,75,medium,4,0.26
0,8,1,6.4,1,0,7.23,4,1,2,4.62,236,high,3,0.68
6,1,0,7.86,0,0,8.13,0,0,2,5.98,523,medium,1,0.65
7,2,0,6.41,1,1,6.91,4,1,1,5.27,147,low,3,0.28
1,4,1,7.95,0,0,6.63,1,0,1,4.69,294,low,4,0.29
5,3,0,6.46,1,0,8.04,5,0,1,4.61,487,medium,4,0.43
4,4,2,7.16,0,0,7.01,0,0,0,4.93,336,high,3,0.5
7,9,2,7.63,0,0,6.61,0,1,1,5.5,194,high,2,0.51
3,7,2,7.37,1,0,6.31,5,0,0,4.65,236,low,1,0.38
7,1,1,5.91,1,0,8.36,4,0,0,4.59,563,low,1,0.53
7,8,0,6.36,1,1,6.48,1,0,2,4.64,392,medium,3,0.23
2,4,2,6.34,0,1,6.67,3,0,1,5.94,267,high,1,0.73
6,1,0,6,0,0,6.77,2,1,2,5.4,78,low,4,0.44
0,8,1,6.21,1,0,7.43,1,0,0,4.97,405,low,4,0.32
9,8,2,6.91,0,1,7.63,2,1,0,4.69,96,medium,3,0.4
5,3,2,7.59,0,0,8.19,5,0,0,5.63,408,medium,4,0.58
6,4,2,6.81,0,0,7.52,1,1,0,4.64,230,low,4,0.5
7,9,1,7.45,0,1,7.08,4,0,1,5.99,48,high,4,0.39
3,4,0,6,1,1,6.91,2,1,0,4.93,300,low,3,0.19
0,8,1,7.54,0,1,6.41,3,0,1,4.9,598,low,3,0.26
0,8,1,7.69,0,0,8.32,2,1,2,5.86,365,medium,3,0.69
2,2,2,6.08,1,1,6.59,5,0,1,5.87,387,high,4,0.54
4,0,2,7.79,0,1,6.21,2,1,1,5.26,188,low,4,0.31
9,6,1,6.4,1,1,7.82,1,0,0,5.05,176,high,4,0.28
9,1,1,7.93,0,0,7.4,3,0,1,5.81,250,low,3,0.56
7,6,2,7.11,0,0,6.15,3,0,2,4.96,302,high,4,0.47
3,7,2,5.91,0,1,6.14,4,0,0,4.62,86,high,1,0.46
1,0,1,5.91,1,0,7.04,4,0,1,5.99,49,high,4,0.57
5,1,1,5.96,1,1,7.62,3,0,1,4.64,365,medium,1,0.51
6,8,1,5.82,0,1,6.1,5,0,2,4.66,531,high,4,0.46
2,2,0,7.23,0,0,7.98,4,0,0,5.15,311,low,2,0.57
1,9,1,5.53,1,0,7.4,3,1,0,5.67,367,medium,1,0.71
4,3,2,6.98,0,0,7.08,5,1,2,5.23,64,medium,3,0.8
7,6,1,6.22,1,0,6.98,3,0,1,5.45,402,medium,4,0.42
5,9,1,7.59,1,1,6.56,2,0,0,4.91,577,low,2,0.1
6,8,2,6.98,1,0,7,0,1,0,5.59,304,low,1,0.61
4,7,2,7.14,1,0,7.9,3,0,1,4.98,213,medium,2,0.49
6,8,2,6.76,1,0,6.33,5,1,1,5.33,295,high,1,0.76
6,3,0,6.69,0,0,7.95,5,1,2,5.16,78,high,2,0.78
3,0,0,7.6,0,0,7.57,1,0,1,4.55,409,high,4,0.44
4,2,1,6.67,1,0,6.39,3,1,1,4.88,379,medium,2,0.53
9,9,1,6.86,0,1,6.34,2,1,1,4.75,446,high,4,0.4
6,9,0,7.21,1,1,7.01,4,0,2,5.58,46,high,4,0.29
3,9,0,5.82,0,1,7.65,0,1,2,4.91,457,high,2,0.58
3,1,2,6.58,1,1,6.28,1,0,2,5.74,372,low,1,0.54
6,3,0,7.4,0,1,8.43,2,0,0,5.12,511,low,3,0.32
5,6,2,7.38,0,1,7.77,1,0,2,5.55,468,medium,2,0.58
4,5,0,7.09,1,0,7.96,0,1,1,4.53,533,high,2,0.43
4,4,2,6.05,0,1,7.55,3,1,2,4.91,318,medium,2,0.71
0,1,0,6.45,1,1,6.06,5,1,0,5.03,460,medium,4,0.39
0,0,2,5.84,0,0,7.67,3,1,2,4.6,277,low,1,0.85
5,5,0,6.94,0,1,7.25,1,1,2,5.75,45,medium,2,0.53
9,8,2,7.73,0,0,6.32,5,0,1,5.25,581,medium,3,0.56
3,4,1,6.08,0,0,8.2,0,1,1,5.03,305,medium,4,0.65
6,3,2,7.3,0,1,8.37,1,0,0,5.19,111,low,2,0.35
6,4,0,6.09,1,0,6.33,4,1,0,5.53,42,high,4,0.36
2,8,1,5.54,1,0,7.02,2,1,0,5.24,475,medium,2,0.64
8,5,2,6.98,1,1,8.05,4,1,2,4.51,388,medium,4,0.49
6,6,1,7.34,0,0,6.97,2,0,1,5.22,329,low,3,0.4
6,3,1,7.58,1,1,7.64,0,0,1,4.63,328,medium,2,0.28
3,0,2,7.66,1,1,6.52,5,0,2,5.38,596,low,2,0.47
1,6,0,6.62,1,0,7.39,5,0,2,5.84,239,high,4,0.65
2,9,0,5.83,1,1,8.12,0,1,0,5.52,346,high,4,0.4
6,2,1,6.61,0,0,8.08,5,0,2,5.1,225,high,1,0.95
4,6,0,7.57,1,1,6.86,3,1,0,5.9,416,medium,4,0.19
3,8,0,6.66,1,0,6.89,3,1,0,5.12,545,high,2,0.54
1,9,1,7.79,1,0,6.61,5,1,1,5.74,368,medium,2,0.55
0,5,2,6.35,0,1,7.88,2,1,0,5.36,210,high,1,0.79
7,9,0,5.82,1,0,6.28,1,1,2,4.97,77,high,2,0.38
8,8,0,6.51,1,0,6.28,4,1,2,5.65,549,low,3,0.49
1,3,2,7.91,0,0,6.32,0,1,1,5.68,113,low,1,0.52
0,7,0,7.46,0,1,8.03,1,0,2,4.7,204,medium,2,0.42
7,4,0,6.42,0,1,6.45,5,0,0,5.93,100,high,2,0.43
0,4,1,7.91,0,1,6.13,4,0,0,5.15,220,high,4,0.4
9,9,0,7.3,0,1,7.63,2,0,2,5.27,458,medium,2,0.5
6,9,2,5.59,1,1,6.96,0,1,1,5.32,264,medium,4,0.36
6,9,2,6.35,1,0,7.8,2,0,2,4.6,183,low,3,0.4
2,7,1,6.57,0,0,6.3,5,0,2,5.01,82,medium,4,0.55
3,3,1,7.91,0,0,8.33,0,1,1,4.82,189,low,1,0.45
1,3,2,7.46,1,0,7.28,5,1,0,5.79,222,medium,4,0.57
7,2,2,7.08,1,1,7.55,0,0,1,4.88,236,medium,2,0.35
6,9,0,7.54,0,0,7.92,1,0,0,5.77,307,high,1,0.58
9,4,0,7.92,1,0,7.5,3,1,0,5.92,365,high,3,0.49
7,0,2,5.52,0,1,7.36,2,0,0,5.25,534,high,3,0.64
4,5,2,5.92,1,0,7.95,0,0,2,5.87,184,high,3,0.58
0,9,0,6.98,1,1,7.97,1,0,0,5.81,475,high,3,0.42
0,7,0,7.91,1,0,6.13,3,0,0,5.21,122,medium,1,0.31
2,8,2,7.63,1,1,8.31,5,1,0,5.03,102,high,3,0.45
9,0,0,7.91,1,1,7.65,2,0,1,5.01,125,high,1,0.39
0,2,0,5.82,0,1,8.13,5,0,2,5.73,467,medium,3,0.69
7,5,0,7.55,1,1,7.97,0,0,2,5.07,395,low,2,0.31
2,3,2,6.97,1,0,7.29,0,0,1,5.45,458,high,1,0.77
9,6,2,7.68,0,1,7.3,5,0,1,4.63,494,high,4,0.46
2,5,0,6.86,1,1,8.45,3,1,0,5.51,184,low,1,0.41
3,2,2,6.83,1,0,8.22,2,0,0,5.1,167,low,4,0.41
4,5,0,5.68,1,0,6.12,5,1,1,4.75,573,medium,2,0.48
4,0,0,6.68,0,0,6.56,4,0,0,4.52,117,low,4,0.25
6,0,0,5.86,0,1,6.64,2,0,1,5.69,135,high,4,0.34
9,7,1,5.85,0,1,7.05,4,1,1,5.64,558,medium,3,0.64
0,9,2,6.11,1,0,6.31,2,0,2,4.76,372,medium,1,0.59
6,7,1,7.5,0,1,7.33,2,1,0,5.32,398,high,2,0.55
4,5,2,7.3,1,1,7.36,2,0,1,4.85,210,medium,4,0.27
9,3,0,6.99,0,1,8.09,2,1,1,4.66,99,low,2,0.37
9,0,1,6.77,1,0,7.25,2,0,2,5.87,422,high,1,0.79
6,9,0,6.57,0,1,6.68,2,0,0,5.08,236,medium,1,0.45
9,4,0,5.79,0,0,6.65,5,1,0,4.74,570,low,3,0.43
7,4,0,7.43,1,1,6.53,2,0,1,4.55,538,high,4,0.12
8,8,0,6.71,0,1,6.31,0,1,1,4.54,233,medium,2,0.36
1,3,1,6.75,1,1,7.2,3,1,2,5.76,334,low,3,0.58
7,3,2,5.94,1,1,7.34,0,1,1,5.92,334,low,3,0.48
7,7,2,7.55,0,0,6.7,4,0,1,5.8,366,low,4,0.44
5,5,0,7.82,0,0,6.89,1,0,1,4.76,34,high,3,0.23
5,9,1,6.75,1,1,6.44,5,1,2,5.44,204,high,2,0.61
6,1,1,7.48,1,1,7.21,5,1,2,4.55,161,high,1,0.5
8,3,2,7.62,0,0,6.19,5,0,1,5.58,214,low,1,0.63
8,5,2,5.63,1,0,7.59,5,1,1,5.56,268,high,2,0.81
8,3,1,5.77,1,1,6.33,2,1,1,5.1,222,high,3,0.47
2,8,2,7.64,1,0,7.55,4,0,1,5.66,127,high,2,0.58
4,0,1,7.56,1,0,7.64,5,0,0,5.34,100,high,4,0.42
2,6,1,7.07,1,1,7.56,0,0,1,5.35,133,low,2,0.25
2,0,0,7.55,1,1,6.14,5,1,1,5.79,42,medium,3,0.29
0,6,1,7.08,1,1,6.02,5,1,0,5.77,462,medium,1,0.45
2,1,0,5.68,1,1,7.02,1,1,1,5.36,540,high,4,0.51
1,5,1,7.58,0,0,6.09,4,0,1,5.91,171,low,2,0.43
5,8,1,6.04,1,1,6.64,2,0,1,5.78,356,medium,1,0.45
5,8,0,6.4,1,1,6.99,0,0,2,4.97,373,high,2,0.31
9,2,2,7.79,1,1,7.55,5,1,0,5.21,522,low,3,0.45
7,9,2,6.48,1,1,6.34,5,0,1,5.37,237,low,4,0.36
6,4,0,5.81,0,1,7.49,1,0,1,5.1,263,high,4,0.5
5,6,2,6.24,1,1,8.44,0,1,2,5.07,105,high,4,0.46
2,6,0,6.7,1,1,7.87,3,0,1,5.14,90,low,2,0.36
2,1,2,7.85,1,1,6.71,2,0,0,5.12,111,low,1,0.28
0,0,2,7.98,0,1,7.18,2,0,1,5.14,208,medium,4,0.53
3,3,2,6.67,0,1,8.36,1,0,1,4.56,74,high,4,0.42
1,9,0,7.31,0,0,7.08,0,0,2,4.58,84,medium,4,0.3
5,0,0,6.8,1,0,7.3,5,1,0,4.87,104,medium,1,0.5
1,8,1,5.77,0,1,7.22,0,1,1,5.54,344,high,3,0.65
9,6,0,7.35,0,0,8.45,0,1,0,5.37,503,low,4,0.36
9,6,0,6.67,0,1,7.8,0,1,0,5,263,low,1,0.51
3,1,2,7.62,1,1,7.8,0,1,0,4.67,333,medium,3,0.32
8,3,1,7.49,1,0,7.11,4,0,0,4.72,146,medium,3,0.26
4,1,2,6.16,0,0,7.98,0,0,1,5.73,200,low,3,0.67
4,2,0,6.44,0,0,6.35,3,1,0,4.94,455,low,1,0.53
2,8,1,7.77,0,0,6.76,0,1,0,5.38,98,medium,3,0.35
4,0,0,6.13,0,0,7.99,4,0,0,4.56,330,high,3,0.6
9,0,1,7.3,0,0,6.62,2,1,1,5.77,132,low,4,0.34
6,4,1,7.54,0,0,7.31,1,0,1,4.99,354,high,2,0.55
5,8,2,5.76,0,1,7.92,2,0,1,4.51,289,medium,1,0.6
1,7,1,7.63,0,1,7.22,1,0,1,5.37,222,low,2,0.47
6,8,0,6.47,1,1,6.99,1,1,0,5.21,363,medium,4,0.23
3,7,2,6.73,0,0,7.72,0,1,1,5.53,388,low,3,0.68
9,5,0,5.77,1,1,8.27,1,0,2,5.58,511,low,3,0.38
0,0,1,5.75,0,0,7.06,0,1,1,5.09,238,medium,4,0.69
2,4,1,6.7,1,0,7.3,0,0,1,4.82,298,high,3,0.52
2,7,2,5.61,1,0,6.68,1,1,0,5.13,120,medium,2,0.47
3,9,1,7.03,0,1,8.03,3,1,2,5.19,168,high,1,0.64
1,5,0,6.07,1,1,7.87,3,0,1,5.91,404,low,1,0.51
2,5,1,6.56,0,0,7.95,5,0,1,4.69,496,high,1,0.8
7,4,1,6.54,0,1,8.37,1,1,0,4.76,238,medium,2,0.5
3,9,2,6.22,1,0,6.24,4,1,2,5.59,33,low,3,0.51
3,3,2,7.74,1,0,7.61,4,1,2,5.97,471,medium,3,0.68
9,1,2,6.42,0,1,6.82,5,1,0,4.69,38,high,1,0.55
0,4,0,7.39,0,0,8.15,0,0,2,4.89,38,high,1,0.52
3,1,1,5.9,0,1,6.67,3,0,2,5.27,93,medium,3,0.48
4,3,2,6.01,0,1,6.71,4,0,1,5.9,370,low,1,0.63
7,0,0,6.12,1,1,6.48,4,1,0,4.87,56,high,1,0.33
3,8,2,7.91,0,1,6.31,1,1,0,5.27,573,low,4,0.3
1,7,2,8,1,0,7.76,2,0,1,5.58,291,high,2,0.64
5,0,1,6.84,0,0,6.38,2,1,2,5.13,584,medium,3,0.69
0,0,0,5.81,0,0,7.53,0,1,0,5.97,246,high,4,0.64
0,0,1,7.05,1,1,7.52,1,1,0,4.91,35,high,2,0.31
6,9,1,5.84,1,0,6.49,3,0,0,5.83,366,medium,1,0.52
2,6,1,7.03,1,0,6.28,3,1,0,5.22,228,medium,2,0.46
0,2,2,6.85,0,0,6.56,5,1,2,5.24,457,high,1,0.99
0,3,2,5.93,1,1,7.01,1,0,0,5.42,223,medium,2,0.54
6,0,2,5.63,1,1,6.65,5,1,2,5.54,132,medium,2,0.55
5,3,0,5.77,0,0,8.09,0,0,1,5.41,531,low,1,0.63
5,0,1,7.07,1,1,7.31,2,0,1,5.6,282,high,3,0.44
7,9,2,7.48,1,1,6.2,4,1,2,5.58,283,low,4,0.34
0,2,0,6.77,1,1,7.26,2,1,1,5.18,136,high,3,0.48
7,2,0,6.78,1,1,7.14,2,1,0,4.83,91,medium,2,0.29
5,4,0,7.67,0,1,7.05,2,1,1,5.52,246,medium,2,0.52
9,0,0,6.35,0,1,6.27,2,0,2,5.45,297,low,1,0.54
4,3,2,5.72,1,1,6.55,5,1,2,5.3,224,high,1,0.75
6,8,1,5.97,1,1,6.42,3,1,1,4.88,150,high,1,0.37
3,8,1,6.83,1,1,6.57,4,0,2,5.89,405,medium,2,0.51
7,6,2,7.9,0,0,7.95,5,1,0,4.51,532,low,4,0.46
1,7,2,5.55,0,0,7.88,4,1,2,5.19,554,medium,4,0.83
0,1,1,5.5,1,0,8.11,2,0,1,5.1,297,low,3,0.58
5,5,2,6.5,0,1,6.69,0,0,0,5.41,579,high,3,0.46
3,4,2,5.74,1,0,6.19,0,0,2,5.24,524,high,1,0.7
8,0,1,7.7,1,1,6.45,3,1,0,5.08,433,low,1,0.36
8,0,1,6.32,1,1,6.45,4,0,0,5.61,570,high,3,0.43
7,7,1,7.44,1,0,6.86,2,1,1,5.19,247,medium,3,0.4
1,2,0,7.89,0,0,6.26,2,1,0,5.44,85,medium,4,0.33
4,4,1,7.8,1,0,7.58,4,1,2,4.94,512,high,1,0.68
5,4,2,5.97,0,0,6.88,4,1,1,4.96,134,high,1,0.66
2,9,2,6.72,1,1,6.93,5,1,1,5.64,95,medium,1,0.55
4,6,1,5.61,0,0,6.21,5,1,2,5.92,397,medium,4,0.68
4,9,0,7.2,0,1,7.24,3,1,2,5.45,519,high,3,0.59
4,1,2,5.9,1,0,7.33,0,1,0,4.98,233,high,2,0.62
7,4,1,6.11,1,1,6.52,2,1,2,4.75,123,low,4,0.17
6,4,0,5.71,1,1,8.13,3,0,1,5.37,271,high,3,0.49
5,9,2,7.62,0,1,6.8,0,1,2,5.39,104,medium,4,0.31
8,7,1,5.9,0,0,7.04,3,1,2,4.82,545,low,3,0.62
0,2,0,5.59,1,1,7.65,5,0,2,5.72,290,low,4,0.49
0,6,2,7.18,1,1,6.69,2,0,2,5.6,374,low,4,0.29
0,3,0,5.76,1,0,6.12,1,0,0,4.94,552,low,3,0.24
1,9,0,6.05,0,1,8.2,2,1,1,4.63,339,medium,3,0.49
5,0,2,7.95,0,1,8.09,3,0,2,5.34,79,high,1,0.66
1,2,2,5.96,0,1,6.57,3,1,0,5.58,125,medium,2,0.55
4,7,2,7.61,1,1,7.38,0,1,1,4.88,147,medium,2,0.28
1,7,0,5.61,0,0,7.93,1,1,0,4.71,259,low,4,0.42
4,6,1,6.55,0,0,7.81,0,1,0,5.59,549,high,1,0.78
8,3,1,6.55,1,0,7.64,5,0,0,4.72,274,medium,2,0.53
2,5,0,7.87,1,1,7.03,4,1,2,4.51,50,medium,4,0.23
7,6,1,5.92,1,1,6.63,0,1,2,4.83,209,low,4,0.21
5,8,2,6.95,1,1,6.72,0,1,2,5.94,576,medium,1,0.56
6,7,2,6.58,1,0,8.4,0,1,1,5.36,274,high,2,0.71
8,4,2,5.98,0,1,6.32,3,0,0,5.76,278,low,4,0.39
7,1,2,7.43,0,1,8.26,3,0,0,5.73,74,high,1,0.56
6,9,0,5.66,1,1,8.18,0,1,0,5.55,32,high,3,0.31
7,1,1,7.91,1,1,6.6,4,0,1,4.89,446,low,3,0.18
9,7,2,5.73,0,1,7.71,3,0,1,5.57,367,high,3,0.67
6,0,1,6.52,0,1,7.23,5,0,1,5.58,586,medium,4,0.6
0,7,2,6.34,0,1,6.97,1,1,0,5,220,medium,1,0.62
5,6,0,6.71,1,0,7.73,5,0,0,5.82,528,medium,2,0.56
8,8,0,7.87,0,1,6.8,2,0,0,5.46,404,high,2,0.35
1,4,2,7.55,0,1,8.48,3,1,0,5.31,141,medium,4,0.43
8,5,2,6.99,0,1,8.08,0,1,0,5.68,537,low,1,0.61
9,3,0,7.83,0,1,6.67,4,0,0,5.28,593,medium,4,0.26
5,4,0,5.63,0,0,6.61,1,0,0,5.05,581,medium,4,0.4
7,7,1,7.27,1,1,7.76,1,0,2,5.26,195,low,2,0.28
3,8,0,7.57,1,0,6.94,2,0,2,5.97,380,low,2,0.37
6,7,1,6.84,0,0,8,1,0,0,5.08,476,medium,3,0.58
9,8,0,6.39,1,0,8.3,1,0,2,4.54,584,low,2,0.43
6,9,1,6.9,1,1,8.3,3,0,0,4.71,474,high,2,0.42
4,5,2,7.55,1,1,6.93,0,1,0,4.92,409,high,2,0.28
0,3,1,7.12,0,1,6.92,2,1,0,5.81,372,high,2,0.51
6,9,1,7.09,1,1,6.1,0,1,1,4.63,332,high,1,0.31
2,2,0,6.64,0,0,6.37,3,0,2,5.39,415,high,1,0.8
0,6,2,6.91,0,0,7.23,4,0,1,5.01,503,low,4,0.68
1,0,1,6.96,1,1,8.24,0,1,2,5.31,527,low,1,0.64
8,8,1,6.67,1,1,7.6,2,1,1,5,427,high,1,0.65
6,4,0,5.87,0,1,7.92,0,0,2,5.79,197,low,2,0.43
3,9,2,6.78,1,0,8.13,2,0,1,5.18,283,low,2,0.62
7,8,0,7.94,0,0,8.18,4,0,0,4.91,135,low,1,0.34
2,4,1,7.06,1,1,7.26,5,1,2,5.97,385,medium,2,0.62
4,5,2,6,1,0,6.47,3,0,0,4.95,77,high,3,0.34
6,2,1,7.83,1,0,8.2,5,0,1,4.65,413,low,4,0.35
6,9,0,7.56,1,1,7.51,2,1,1,5.24,176,high,3,0.3
7,9,2,7.67,0,1,6.7,4,1,2,5.32,32,low,4,0.34
7,4,1,7.67,0,0,6.93,0,1,1,4.5,306,low,3,0.33
3,9,2,6.95,1,1,6.2,0,1,1,4.93,301,medium,2,0.38
6,3,1,7.3,1,1,6.33,1,1,0,5.96,463,low,2,0.25
8,2,0,7.49,0,0,7.45,0,0,0,5.25,56,medium,2,0.4
8,2,2,7.7,0,1,6.2,3,0,2,5.53,361,medium,2,0.56
6,8,1,7.29,1,1,8.42,4,1,0,5.39,42,low,2,0.29
8,6,0,7.77,0,1,6.37,1,1,2,5.06,43,medium,4,0.23
5,4,0,6.04,1,0,8.12,5,1,0,4.67,488,high,3,0.53
9,5,0,6.87,0,1,7.28,0,1,2,5.58,477,high,3,0.61
0,4,0,7.28,0,0,7.53,3,0,2,4.87,475,low,2,0.53
5,4,2,7.51,1,1,7.14,4,1,1,5.42,35,high,4,0.41
0,4,2,6.15,0,1,8.45,5,0,0,4.82,147,high,2,0.57
6,4,0,5.5,1,0,7.07,4,1,2,5.17,482,medium,2,0.71
3,0,0,6.63,0,1,6.21,4,1,0,4.89,210,medium,2,0.45
7,1,1,7.33,1,1,8.06,3,0,0,5.29,500,low,3,0.31
5,4,2,7.12,1,1,6.11,0,1,0,5.39,494,medium,4,0.23
0,1,0,7.74,1,0,7.5,4,0,2,5.19,592,high,3,0.62
1,5,2,6.54,0,0,7.26,4,1,0,5.24,549,low,1,0.83
7,9,0,7.35,1,1,7.45,4,1,1,5.11,257,high,2,0.49
1,3,1,5.76,1,1,7.17,3,1,1,5.49,42,high,1,0.63
5,6,2,7.99,1,0,7.21,1,0,1,5.11,100,high,2,0.48
0,0,1,7.71,1,1,7.08,3,0,0,5.09,106,high,3,0.35
3,2,0,5.54,0,1,7.01,3,0,1,4.67,500,medium,4,0.43
1,8,1,6.42,1,1,7.15,3,1,2,5.03,89,medium,3,0.51
3,2,0,6.9,1,0,7.47,2,0,1,4.99,185,high,4,0.36
4,5,2,7.27,1,0,8.4,0,0,2,5.08,292,low,2,0.53
7,9,2,5.54,1,1,6.38,0,1,1,5.78,247,high,2,0.51
2,8,2,7.17,1,1,7.06,3,1,0,5.04,343,low,3,0.41
2,4,2,6.74,0,1,6.81,3,0,0,4.94,570,low,4,0.33
8,4,1,5.95,1,1,8.28,5,1,1,5.72,391,high,4,0.58
4,6,2,6.48,1,0,7.66,1,0,2,4.8,270,medium,2,0.6
9,2,2,7.1,0,1,6.85,3,0,1,5.67,494,medium,1,0.56
7,2,1,7,0,1,6.57,5,0,0,5.6,561,low,1,0.45
7,9,2,5.68,0,1,8.03,4,0,2,5.46,181,high,4,0.59
3,2,2,6.24,0,0,7.71,2,1,2,5.52,233,medium,2,0.91
0,5,2,6.8,0,0,8.1,5,0,1,5.67,528,medium,4,0.75
7,6,2,7.57,1,0,7.79,4,0,0,4.83,108,medium,4,0.24
7,6,2,6.1,0,1,8.01,0,0,0,4.99,249,low,3,0.36
2,8,1,7.23,1,1,8.08,1,0,0,5.44,230,low,4,0.22
9,0,1,6.43,1,0,8.12,2,0,0,5.61,130,high,2,0.54
4,4,0,7.61,1,0,8.24,2,1,1,5.11,335,low,2,0.49
0,6,2,6.48,0,0,7.86,5,1,2,5.78,149,low,3,0.75
5,9,1,6.68,0,0,6.13,5,0,0,5.36,400,medium,3,0.56
5,9,1,7.27,0,0,8.37,4,0,1,5.87,343,low,3,0.54
4,6,0,5.66,1,0,6.69,5,0,0,5.83,236,medium,1,0.53
3,2,0,5.55,1,0,6.88,3,0,2,5.1,90,low,4,0.33
5,3,1,6.61,0,1,8.37,4,1,0,5.87,558,high,3,0.66
9,8,1,5.6,0,0,7.89,5,0,2,5.12,216,high,2,0.86
1,2,1,6.58,1,0,7.47,0,1,1,5.26,473,high,1,0.79
3,9,0,6.73,1,0,7.7,3,0,1,5.91,444,high,1,0.69
7,3,2,6.11,0,0,6.41,2,1,1,4.83,50,high,2,0.57
7,7,0,7.97,0,1,7.45,0,0,2,4.81,487,medium,4,0.26
5,4,0,6.8,0,0,6.63,1,1,1,5.17,325,high,4,0.55
1,2,2,6.17,1,1,7.46,2,0,1,5.83,566,medium,1,0.68
1,0,1,5.66,1,1,7.84,4,0,0,5.5,246,low,2,0.52
2,1,1,6.99,1,1,6.09,4,0,1,5.06,252,high,4,0.47
1,2,0,5.64,1,0,6.47,5,0,1,5.01,482,medium,3,0.54
7,0,0,5.79,1,1,7.74,0,0,0,5.84,213,medium,1,0.45
3,4,1,5.5,0,1,8.48,5,0,0,5.7,400,low,3,0.55
5,6,1,7.41,0,1,7.92,2,1,2,5.98,358,high,2,0.65
8,9,2,7.94,1,1,6.49,0,0,2,5.68,256,high,4,0.31
1,5,1,7.87,0,1,8.27,1,0,0,4.58,268,low,3,0.27
0,0,1,6.68,1,0,6.66,3,0,0,5.77,478,medium,3,0.5
8,4,1,6.72,1,1,7.85,3,1,2,4.59,78,high,1,0.54
0,9,2,6.19,1,0,6.38,0,0,1,5.25,563,low,3,0.45
7,8,0,7.31,1,1,8.36,2,0,0,5.63,346,medium,3,0.25
8,1,0,7.44,0,1,6.18,0,1,0,5.88,345,medium,4,0.25
2,1,2,6.13,0,0,7.07,5,1,1,5.68,338,low,1,0.94
1,3,2,6.64,1,0,8.36,4,1,0,5.33,54,high,1,0.75
7,7,1,7.43,1,1,6.16,5,0,2,5.05,54,medium,3,0.26
6,0,2,5.75,0,1,6.47,1,1,2,5.14,351,low,1,0.67
8,8,0,7.89,0,0,6.7,2,1,1,4.8,321,low,2,0.35
4,4,0,6.81,0,1,6.31,5,1,0,5.78,429,low,3,0.45
3,1,0,7.11,0,0,6.43,2,1,0,5.93,462,high,4,0.46
2,0,1,7.91,0,0,6.46,0,1,0,5.74,45,medium,2,0.44
4,2,1,6.76,0,1,8.05,5,1,1,5.13,533,medium,4,0.67
2,5,0,6.46,1,0,6.79,4,0,2,5.76,398,medium,3,0.53
5,4,0,6.43,1,0,6.21,4,0,0,4.87,433,low,2,0.31
1,6,1,5.77,0,0,7.73,1,0,0,5.36,404,low,3,0.57
2,0,2,6.65,1,1,8.22,0,0,0,5.46,250,medium,3,0.49
4,4,1,5.59,1,0,6.97,2,0,0,5.22,411,low,2,0.44
8,9,2,7.39,0,1,6.85,3,1,1,5.9,402,low,3,0.42
3,1,0,5.73,0,1,6.91,3,1,1,5.4,73,low,3,0.38
2,1,2,5.51,1,0,6.26,3,1,0,5.41,235,medium,2,0.65
0,1,1,6.97,1,0,8.28,2,0,2,4.89,471,low,4,0.48
5,5,1,7.01,0,0,7.74,0,0,1,5.35,485,medium,4,0.46
4,6,2,7.01,0,1,7.76,3,1,2,5.6,76,medium,2,0.59
4,6,2,6.32,1,1,7.32,0,0,0,5,361,high,3,0.48
5,8,2,7.6,1,0,7.71,5,0,0,4.96,39,low,1,0.36
5,5,1,7.05,1,0,6.21,5,0,2,5.04,173,medium,3,0.36
3,5,2,6.85,1,1,7.93,2,0,1,5.37,460,low,4,0.42
5,5,0,6.83,1,0,7.34,2,0,0,5.57,181,medium,3,0.35
4,6,0,6.99,1,0,7.46,3,0,2,4.83,516,medium,2,0.54
6,6,2,6,1,0,7.27,2,0,0,4.75,165,low,3,0.3
7,9,0,6.6,0,0,7.96,4,0,2,5.9,55,low,2,0.59
2,8,2,6.69,1,1,6.98,3,0,2,5.15,36,high,3,0.46
5,6,1,6.3,1,0,7.99,1,0,1,5.28,44,medium,3,0.43
5,3,1,6.73,1,0,7.56,4,0,2,4.99,461,medium,3,0.56
6,7,1,7.12,1,0,7.65,3,0,1,5.35,429,medium,5,0.37
4,5,2,6.29,1,0,7.27,5,0,1,5.49,236,medium,3,0.68
6,6,1,6.47,1,1,6.88,0,0,2,5.29,245,low,4,0.26
6,7,2,6.09,1,0,7.77,2,0,2,5.72,531,low,4,0.55
1,3,1,5.61,1,0,7.52,2,0,2,5.1,488,medium,3,0.66
7,11,0,6.89,1,0,7.94,2,1,1,5.12,288,low,3,0.47
2,1,2,6.49,1,1,7.32,3,0,0,5.27,358,medium,1,0.65
11,7,0,6.52,0,0,7.23,4,0,1,5.34,483,low,3,0.56
4,3,0,6.01,1,0,7.96,0,0,2,5.27,404,medium,3,0.55
3,7,1,6.41,0,0,8.16,2,0,2,4.81,493,medium,2,0.67
8,9,2,7.05,1,0,7.4,4,0,0,5.29,104,high,3,0.44
3,2,1,6.5,1,0,7.1,1,0,2,5.09,271,high,4,0.64
3,6,0,6.51,1,0,7.72,5,0,1,5.03,46,medium,5,0.38
5,5,2,6.6,1,1,7.3,1,0,1,5.21,288,medium,3,0.48
8,3,1,5.88,0,1,7.64,0,0,0,4.91,152,low,3,0.23
3,6,1,6.81,0,1,7.3,2,0,0,4.86,340,low,4,0.32
2,4,2,5.87,1,0,8.03,1,0,2,4.42,140,high,3,0.54
5,6,0,6.03,0,0,7.12,5,0,1,5.72,285,medium,2,0.71
3,7,2,5.98,1,0,7.59,4,0,2,5.37,263,medium,2,0.76
8,7,0,6.41,1,1,7.2,4,0,2,5.16,526,low,4,0.39
10,3,2,6.32,1,0,7.29,1,0,0,5,69,high,2,0.52
3,6,1,6.5,1,1,7.24,2,0,1,4.34,151,medium,3,0.27
2,5,0,6.05,1,0,7.7,5,0,2,4.98,479,low,3,0.5
5,8,1,7,1,1,7.77,0,0,2,5.41,548,low,4,0.26
7,11,0,6.92,0,0,7.62,2,0,2,5.48,121,high,5,0.47
6,5,2,6.41,0,0,7.36,3,0,2,5.39,390,high,3,0.82
6,2,1,6.26,1,0,7.46,1,0,0,5.25,152,medium,5,0.32
2,7,2,6.21,1,1,7.76,3,0,2,5.59,366,medium,2,0.66
4,8,0,6.34,0,1,7.77,1,0,2,5.1,542,medium,2,0.6
9,5,0,5.8,1,1,6.32,0,0,2,5.53,457,low,5,0.16
7,9,1,6.02,1,0,7.29,2,0,2,5.08,462,low,3,0.55
11,8,1,6.93,1,1,7.31,5,0,1,4.94,36,low,2,0.28
8,6,2,6.65,1,0,7.67,2,0,2,4.9,149,low,3,0.4
3,7,2,7.32,1,0,7.37,1,0,1,4.88,416,medium,4,0.35
2,7,2,6.35,1,0,7.69,4,0,0,5.4,379,low,4,0.53
3,5,1,6.32,1,0,6.97,3,0,2,4.98,127,low,4,0.24
4,4,0,6.3,1,0,7.5,5,0,1,4.89,72,low,3,0.35
5,6,2,6.34,1,1,7.76,5,0,1,5.41,212,low,4,0.46
5,7,0,6.17,1,0,6.81,2,0,2,5.3,594,low,3,0.4
4,4,2,6.64,0,0,8.41,2,0,2,5.49,264,medium,3,0.79
3,6,2,6.51,0,0,7.88,1,0,2,5.35,475,medium,4,0.7
8,5,0,6.25,1,0,7.4,4,0,2,4.97,229,low,3,0.44
2,7,2,7.13,1,0,7.07,3,0,0,5.22,542,medium,1,0.61
1,8,0,7.45,1,0,7.33,4,0,2,5.24,555,high,3,0.58
4,3,0,7.08,1,0,7.43,5,0,2,4.92,242,low,3,0.4
5,6,2,6.78,0,0,7.58,4,0,0,4.87,407,high,2,0.69
4,10,2,6.88,1,0,8,1,0,1,5,575,low,2,0.57
3,5,1,7.43,0,0,7.21,4,0,1,5.81,515,low,2,0.61
4,5,1,6.88,1,0,7.63,3,0,2,5.08,390,high,1,0.79
8,7,1,6.21,1,0,6.88,5,1,0,5.57,197,medium,4,0.36
2,6,1,6.7,1,0,7.23,0,0,2,5.06,433,medium,2,0.65
2,8,1,6.81,0,0,7.55,5,0,1,5.47,166,high,2,0.75
2,3,2,6,1,0,7.68,0,0,0,5.47,262,medium,3,0.57
7,5,2,6.36,1,0,7.1,3,0,2,5.49,144,medium,4,0.52
6,9,2,7.05,1,0,7.22,5,0,0,5.32,281,high,1,0.66
7,6,1,5.59,1,1,7.98,5,0,0,5.61,522,low,2,0.46
6,11,1,5.87,1,0,7.86,5,0,2,5.31,318,low,5,0.48
7,5,2,6.41,1,1,7.48,5,0,0,5.71,78,medium,3,0.41
6,7,2,6.68,1,1,6.51,1,0,0,4.71,481,medium,5,0.13
4,5,2,5.82,0,1,8.4,2,1,0,5.3,545,medium,2,0.67
2,4,2,6.44,1,0,7.39,5,0,2,5.28,301,medium,2,0.82
3,1,0,7.08,1,1,7.27,1,0,0,4.92,460,low,2,0.19
4,10,2,6.53,1,0,7.19,3,1,1,5.37,55,low,1,0.61
7,7,2,6.97,0,0,7.55,5,0,0,4.75,99,medium,4,0.46
4,2,0,6.2,0,0,7.55,4,0,2,5,322,medium,5,0.65
3,6,0,6.1,0,1,7.78,5,0,1,4.6,435,medium,5,0.38
2,6,2,6.92,1,0,7.03,5,1,1,5.67,263,low,4,0.65
6,7,2,6.68,1,1,7.28,0,0,2,5.13,260,medium,4,0.46
3,4,1,5.91,1,0,8.21,4,0,2,5.85,292,low,3,0.63
5,6,2,6.1,1,1,7.49,5,1,2,5.44,150,high,4,0.56
9,4,0,7.28,1,1,7.33,5,0,2,5.33,492,low,2,0.43
6,5,2,6.04,1,1,7.02,5,0,2,5.02,547,low,3,0.56
6,5,0,6.97,1,0,7.6,1,0,2,4.89,53,high,3,0.38
9,8,2,6.26,1,1,7.81,3,0,2,5.36,406,medium,4,0.52
4,4,0,6.5,1,1,7.75,0,0,0,5.18,529,low,3,0.3
9,5,2,6.65,1,0,7.3,5,0,2,4.8,466,low,4,0.51
2,8,1,5.45,0,0,7.54,3,0,1,4.74,528,low,3,0.56
10,6,2,5.77,1,1,8.07,0,0,2,4.91,203,medium,4,0.33
6,5,1,6.54,1,0,7.83,0,0,0,5.75,538,medium,5,0.36
9,5,1,6.14,1,1,7.09,0,0,1,5.86,339,medium,2,0.46
4,9,0,7,1,0,6.38,5,0,2,5.26,99,medium,5,0.23
1,8,1,5.7,0,0,7.52,1,0,2,5.24,234,medium,3,0.72
6,8,2,6.78,1,0,7.72,5,0,0,5.1,370,low,3,0.56
8,4,1,5.81,1,0,6.96,5,0,2,4.92,61,low,4,0.28
6,9,1,6.32,1,0,7.4,3,0,0,5.61,72,low,3,0.37
2,4,0,5.97,0,1,7.29,2,0,2,5.76,147,medium,3,0.51
3,7,2,7.45,1,0,7.44,2,0,0,4.93,44,medium,3,0.27
5,4,2,5.83,1,1,7.18,2,0,2,5.18,351,low,1,0.62
3,4,2,6.44,1,1,7.92,3,1,2,5.07,366,medium,3,0.66
3,10,2,5.64,0,0,7.46,4,0,2,5.07,561,high,2,0.88
5,8,0,7.3,0,0,7.05,3,0,0,5.56,410,medium,5,0.37
6,6,2,6.7,1,0,7.77,0,0,1,4.81,540,medium,1,0.56
5,6,2,6.57,1,0,6.89,5,1,1,5.34,149,medium,3,0.51
3,5,0,7.24,1,0,7.91,4,0,0,5.42,55,medium,5,0.21
5,5,1,6.57,1,0,7.8,0,0,2,5.16,563,medium,5,0.46
3,4,2,6.61,1,1,7.96,5,0,2,5.47,93,medium,4,0.5
3,7,0,6.57,1,0,7.34,5,0,2,5.24,489,medium,3,0.63
6,3,2,6.78,0,0,7.2,0,0,2,5.57,343,medium,2,0.78
5,7,0,6.25,1,1,7.43,3,0,2,4.74,245,high,3,0.42
6,7,2,6.39,1,1,7.37,2,0,0,5.1,485,medium,1,0.55
2,8,0,6.91,1,1,7.14,4,0,1,5.18,569,high,4,0.48
4,11,0,6.64,1,1,7.18,5,0,0,4.4,502,high,3,0.35
7,6,1,6.44,1,0,7.25,1,0,2,4.87,388,low,3,0.43
6,3,1,5.8,0,1,6.93,5,0,2,4.96,155,low,3,0.33
5,8,2,7.25,1,1,7.67,2,0,2,5.48,116,low,3,0.3
4,3,2,6.17,1,0,7.38,5,0,2,4.99,372,low,3,0.6
3,10,1,6.99,1,0,7.28,1,0,1,4.95,424,medium,4,0.37
3,6,1,6.59,1,0,6.96,3,0,0,5.45,513,high,2,0.54
7,7,2,5.85,0,0,6.94,5,0,0,4.71,485,low,3,0.46
7,3,0,7.13,1,0,8.17,4,0,1,4.58,505,low,2,0.36
6,4,2,6.63,1,0,7.15,3,0,1,5.09,239,medium,1,0.74
6,6,2,7.17,0,0,7.64,1,0,2,4.77,554,low,3,0.48
7,6,1,6.41,1,0,7.47,0,0,0,4.78,336,medium,2,0.41
8,6,2,6.85,0,0,6.29,5,0,2,5.37,105,high,1,0.76
6,6,1,5.62,1,1,8.12,3,0,0,5.46,51,medium,4,0.27
3,7,1,6.25,1,0,7.67,5,0,2,5.44,89,medium,3,0.58
7,7,0,5.86,1,0,7.09,4,0,0,5.53,415,medium,2,0.54
5,3,0,6.31,0,0,7.39,5,0,2,5.57,85,medium,1,0.73
5,3,1,6.74,1,0,6.94,3,0,2,4.56,197,high,2,0.44
7,3,1,6.2,1,0,8.13,2,1,0,5.34,441,low,3,0.52
4,7,2,6.93,1,0,7.04,3,0,0,5.04,220,medium,3,0.59
9,6,2,6.07,1,1,7.19,1,0,2,4.98,511,low,3,0.38
4,4,1,6.94,0,0,7.11,3,0,2,5.37,596,high,2,0.86
5,6,2,7.15,1,0,7.43,4,0,2,4.68,445,medium,3,0.49
2,9,1,7.01,1,0,7.95,3,0,2,4.67,369,low,3,0.41
6,5,2,6.33,1,0,8.12,3,0,2,5.39,288,medium,3,0.67
3,3,2,5.44,1,1,7.24,4,0,2,5.35,379,medium,4,0.58
6,11,2,6.79,1,0,7.55,3,0,0,5.24,466,medium,3,0.54
2,6,2,6.44,1,1,7.43,4,0,2,4.94,251,low,2,0.53
3,6,0,6.01,1,0,7.01,1,0,1,5.42,442,high,4,0.5
5,8,0,6.22,0,1,8.37,4,1,2,5.4,379,low,2,0.64
3,3,1,7.22,1,1,7.95,1,0,1,5.23,511,medium,2,0.42
4,7,1,5.93,0,1,7.48,1,0,2,4.85,88,low,4,0.3
5,6,2,6.73,1,1,8.03,4,0,2,5.07,181,high,3,0.54
6,5,1,6.61,0,0,7.88,3,0,2,5.45,569,high,4,0.72
3,5,2,6.32,1,1,7.43,5,1,0,5.6,254,high,2,0.68
3,8,2,6.82,0,0,7.53,2,0,0,5.1,347,low,3,0.62
4,7,2,7.32,0,1,8,5,0,1,5.13,592,medium,2,0.63
5,8,2,6.35,1,0,7.02,4,0,2,5.15,308,low,3,0.64
4,3,2,6.38,0,0,8.07,3,0,0,5.28,587,low,2,0.71
2,7,0,6.81,1,1,7.31,1,0,2,5.03,503,medium,3,0.47
6,8,1,6.96,1,0,8.01,0,0,0,4.33,53,low,1,0.31
6,4,2,6.44,0,0,7.4,2,0,0,5.56,548,medium,1,0.77
8,4,1,6.35,1,1,7.54,5,0,2,5.74,397,medium,3,0.58
1,8,1,5.39,1,0,7.39,3,0,2,5.02,364,high,5,0.61
6,4,2,6.11,1,0,7.19,2,0,0,4.88,462,low,4,0.37
2,6,1,5.93,1,0,7.29,0,0,0,5.16,32,medium,5,0.3
5,2,1,6.84,1,0,7.95,0,0,0,5.14,287,medium,3,0.5
2,4,1,6.38,1,0,6.47,0,0,2,5.5,292,high,1,0.67
6,4,2,6.36,0,0,6.9,5,0,0,5.22,150,medium,3,0.53
4,6,2,6.5,1,0,7.11,4,0,2,4.96,50,low,3,0.46
3,8,1,6.06,1,0,6.97,2,1,2,4.8,169,medium,2,0.42
5,6,2,7.28,1,0,8,4,0,2,5.46,506,low,2,0.59
6,7,1,7.15,1,1,7.9,0,0,0,5.38,318,medium,1,0.36
3,9,2,7.31,1,0,7.64,3,0,0,5.52,235,low,3,0.44
4,10,2,6.84,0,1,7.14,0,0,0,4.91,72,low,2,0.3
8,6,2,6.49,1,0,7.93,4,0,2,5.75,147,medium,1,0.69
4,8,0,7.31,1,0,6.76,0,0,2,4.68,34,medium,3,0.13
10,8,0,6.16,0,0,8.26,0,0,0,5.41,236,low,3,0.43
4,8,1,6.06,0,1,7.13,4,0,2,4.63,374,low,3,0.51
5,6,0,6.2,0,1,7.3,4,0,0,4.96,171,low,4,0.19
10,6,1,6.76,1,1,7.23,3,0,2,5.67,401,medium,2,0.54
3,4,0,6.12,1,0,6.97,4,0,0,5.45,261,medium,4,0.38
4,10,1,6.42,0,1,8.17,3,0,0,5.04,193,low,1,0.46
7,3,2,5.7,0,0,7.72,1,0,2,5.04,576,medium,3,0.75
5,4,1,6.74,1,1,7.89,1,0,1,5.23,393,low,3,0.4
10,8,1,5.74,1,0,6.91,4,0,2,5.35,364,low,5,0.36
4,7,2,6.03,1,0,7.47,0,0,0,5.58,40,high,3,0.48
2,4,0,7.11,1,0,7.61,2,0,2,5.06,437,low,2,0.51
3,5,2,7.09,1,0,7.51,0,0,0,4.72,104,medium,3,0.23
5,4,2,6.69,0,0,6.94,4,0,2,5.25,329,medium,3,0.71
8,4,2,6.64,1,0,7.83,3,0,0,5.06,410,high,3,0.64
4,7,1,6.23,1,0,7.45,0,0,2,4.81,57,low,2,0.38
3,5,1,6.11,1,1,7.02,1,0,1,5.29,492,low,3,0.4
8,5,1,6.32,1,0,6.66,5,0,0,5.14,425,low,2,0.46
6,6,2,5.74,1,1,7.64,4,0,2,5.29,405,low,4,0.49
8,6,1,6.63,1,1,8.38,0,0,2,4.93,450,high,3,0.41
3,5,1,6.52,1,1,6.99,5,0,2,5.35,393,high,1,0.63
3,3,1,6.03,1,1,7.47,0,0,1,4.8,245,high,4,0.35
5,6,1,7.28,1,1,7.84,3,0,2,4.95,130,high,3,0.27
11,5,0,6.8,1,0,6.89,3,0,2,5.13,122,medium,3,0.34
7,5,1,6.85,0,0,7.21,3,0,0,5.72,295,medium,1,0.72
4,8,2,6.26,0,0,7.06,5,0,2,5.44,235,high,3,0.88
3,5,2,6.5,1,0,7.79,2,0,2,5.52,109,low,3,0.52
8,9,2,6.81,0,0,7.93,5,0,2,5.63,66,low,5,0.56
8,9,1,6.58,1,0,7.46,4,0,0,6.28,40,high,1,0.59
3,3,2,7.3,0,0,7.06,4,1,2,5.21,119,low,1,0.73
3,5,1,6.4,1,1,7.22,1,0,0,5.63,48,medium,5,0.2
6,7,2,6.25,1,0,7.15,1,0,2,5.5,593,low,5,0.48
2,4,1,6.82,1,0,7.01,4,0,1,5.5,403,low,1,0.7
7,4,2,5.87,0,0,7.36,0,0,2,5.73,123,medium,4,0.58
5,5,2,6.96,1,0,7.63,4,0,2,5.07,61,medium,2,0.64
5,8,2,5.85,1,1,7.6,2,0,0,5.05,169,low,4,0.25
6,4,2,6.82,1,0,7.4,1,0,2,5.3,599,high,4,0.65
1,6,2,6.18,0,0,7.42,1,1,2,5.15,50,low,2,0.72
10,6,0,6.74,0,0,7.37,5,0,1,5.3,178,medium,2,0.58
2,3,1,6.95,1,0,6.88,1,1,2,5.67,250,medium,1,0.69
5,3,2,6.58,0,0,7.46,4,0,0,5.06,248,low,1,0.76
4,6,2,5.9,1,0,7.17,1,0,2,5.11,570,medium,1,0.75
5,7,2,6.05,1,0,6.86,1,0,1,5.25,588,low,4,0.38
4,6,1,6.14,0,0,7.55,5,0,1,5.13,87,high,2,0.73
5,7,2,5.55,1,1,7.16,4,0,2,4.63,454,low,3,0.44
6,5,1,7.06,0,0,7.49,0,0,0,5.03,304,medium,4,0.41
1,6,1,6.56,1,0,7.74,1,0,0,5.41,169,medium,3,0.42
3,7,1,5.93,1,0,7.02,1,1,1,5.63,52,medium,3,0.5
2,4,1,7.23,1,0,7.44,1,0,2,4.85,407,medium,1,0.54
5,5,2,6.15,1,1,6.68,2,0,2,4.85,402,medium,3,0.35
4,8,0,6.63,1,0,8.01,4,0,0,5.21,92,medium,2,0.46
7,6,1,6.09,1,1,6.86,1,1,2,4.58,593,medium,4,0.28
7,9,0,5.49,1,0,7.19,2,0,2,5.07,371,medium,2,0.6
2,2,0,5.82,1,1,7.94,0,0,2,4.68,196,medium,3,0.29
6,8,0,6.28,1,0,7.31,0,0,2,5.61,180,high,3,0.46
7,5,0,6.95,0,0,6.92,5,0,2,4.97,552,medium,3,0.51
2,9,2,6.67,0,0,7.69,5,0,1,5.7,530,low,2,0.8
7,9,1,6.57,1,0,7.68,5,0,2,5.53,589,high,2,0.76
5,4,2,5.49,1,0,7.15,2,0,2,5.01,377,medium,4,0.62
7,2,2,7.14,1,0,7.19,0,0,2,4.88,301,low,1,0.5
6,6,0,6.61,1,1,7.23,5,0,2,5.14,459,high,2,0.61
5,6,0,6.44,0,0,7.32,3,0,2,5.17,262,medium,3,0.67
6,7,2,7.07,0,0,6.64,5,1,0,5.3,589,high,4,0.56
5,8,2,7.12,0,1,7.33,0,0,1,4.97,237,low,3,0.31
4,5,1,7.08,1,0,8.11,3,0,0,5.42,482,low,3,0.39
7,8,1,6.38,1,1,7.04,2,0,1,5.28,530,medium,3,0.45
1,10,2,6,1,0,7.17,3,0,1,5.1,248,medium,1,0.73
8,5,2,6.99,0,0,6.93,0,0,0,4.99,110,low,3,0.26
4,3,0,5.82,1,0,7.64,1,0,0,5.14,578,low,4,0.37
5,5,2,7.47,1,1,7.88,3,0,1,4.95,570,medium,5,0.22
3,3,0,6.51,1,1,7.87,0,0,0,5.22,280,low,1,0.4
7,8,2,5.97,1,1,6.9,5,0,2,5.23,444,low,3,0.46
2,9,0,5.88,1,0,7.6,1,0,2,5.28,115,medium,3,0.47
5,7,1,5.86,1,1,7.97,2,0,1,5.73,246,low,1,0.5
10,7,0,6.57,0,0,7.6,2,0,2,5.16,225,low,3,0.57
7,6,2,6.5,0,0,7.59,4,0,2,5.5,326,low,2,0.79
7,9,1,5.88,0,1,7.21,2,0,2,5.27,73,low,3,0.45
10,5,1,6.32,1,0,7.49,4,1,2,5.13,422,high,2,0.76
1,5,0,5.82,1,0,7.89,2,0,2,5.16,472,medium,3,0.59
5,5,1,6.79,0,0,7.53,2,0,0,5.18,119,low,3,0.45
3,6,2,6.47,1,1,6.9,2,0,1,5.28,184,high,3,0.37
8,2,2,6.31,1,0,7.22,4,0,1,4.91,507,low,3,0.53
7,6,2,5.86,1,0,7.88,5,0,0,4.76,88,high,2,0.51
3,6,0,6.35,1,1,7.53,4,0,1,5.4,139,medium,3,0.36
1,5,2,6.29,1,0,7.45,3,1,2,5.47,508,low,4,0.66
5,7,2,6.66,1,0,7.18,0,0,2,5.42,78,low,2,0.51
3,6,0,6.58,1,0,7.88,0,0,2,5.25,406,low,3,0.48
6,5,2,6.9,1,1,8.06,5,0,0,5.43,61,medium,3,0.41
3,3,0,6.26,1,0,7.91,0,0,2,5.41,515,low,3,0.5
4,5,2,5.57,0,0,7.98,2,0,2,5.44,560,medium,3,0.77
5,5,1,7,1,0,7.26,5,0,2,4.94,32,medium,3,0.36
8,5,2,6.03,1,0,7.2,0,0,1,4.87,407,medium,1,0.56
7,4,2,5.95,1,0,7.34,4,1,2,5.08,271,medium,3,0.76
5,4,1,6.48,1,0,7.42,3,0,2,5.19,570,medium,3,0.64
4,4,1,6.65,1,0,7.97,1,0,0,5.13,386,low,1,0.57
6,3,1,6.23,1,1,7.87,3,0,0,4.64,226,medium,3,0.34
8,9,2,6.23,0,1,7.62,0,0,1,5.72,448,low,3,0.51
4,6,0,6.3,1,1,6.83,5,0,1,5.12,302,medium,4,0.33
3,6,1,7.21,0,0,6.72,0,0,0,5.25,531,low,2,0.38
2,8,2,6.5,0,0,7.5,4,0,1,5.57,64,high,5,0.63
3,1,0,6.02,1,0,7.75,3,0,0,4.5,490,medium,3,0.43
9,7,1,6.02,0,1,7.37,4,0,0,5.05,282,high,3,0.59
5,2,2,6.37,1,0,8.17,4,0,0,5.08,541,low,2,0.63
4,1,0,6.62,1,1,6.97,1,0,2,5.1,77,medium,3,0.29
7,6,0,6.74,1,0,6.92,4,0,1,5.15,214,medium,4,0.39
8,7,1,6.56,0,0,7.13,4,0,2,5.63,520,low,3,0.69
4,2,1,6.08,1,0,7.12,1,0,0,5.4,302,high,3,0.59
4,6,1,6.29,1,0,7.61,2,0,1,5.49,556,medium,3,0.57
8,6,2,6.87,1,0,7.23,2,0,0,5.21,157,low,3,0.4
5,7,2,5.93,1,0,6.78,5,0,2,4.78,239,medium,2,0.56
5,5,2,6.27,0,0,7.76,1,1,2,4.58,171,low,4,0.48
6,5,2,6.8,1,0,6.7,5,0,0,4.74,202,high,3,0.46
7,3,1,6.94,1,0,6.97,5,1,1,5.31,476,medium,2,0.63
2,6,2,6.4,0,1,6.75,4,0,2,5.21,148,high,3,0.58
1,9,2,6.29,1,0,7.48,5,0,1,5.14,40,medium,4,0.55
7,7,2,5.84,1,0,7.47,0,0,1,5.09,333,low,4,0.46
5,7,2,6.76,0,0,8.17,3,0,1,5.8,183,low,3,0.57
4,6,2,7.16,1,1,7.77,0,0,2,4.95,352,low,5,0.18
4,3,1,7.78,0,0,7.98,0,1,2,5.48,566,low,1,0.7
3,3,1,6.69,1,1,7.52,4,0,0,5.2,474,medium,1,0.58
8,5,1,6.47,1,0,7.01,3,1,0,5.18,371,medium,2,0.62
7,8,1,6.04,1,0,7.45,5,0,2,5.55,250,medium,2,0.71
1,9,2,5.56,1,0,7.64,3,1,1,5.64,139,medium,1,0.71
2,4,1,6.59,0,0,7.68,5,0,2,5.13,439,low,3,0.77
4,5,1,7.68,0,0,7.21,2,1,0,5.44,447,low,3,0.52
6,6,2,7.14,0,0,7.6,1,0,2,5.31,534,low,3,0.58
4,10,2,7.06,1,0,7.03,4,0,0,5.2,69,medium,3,0.38
6,8,2,6.62,1,0,6.98,5,0,1,5.26,538,low,4,0.46
8,5,2,6.68,1,1,6.95,5,0,0,4.99,488,low,2,0.31
7,6,2,5.29,0,0,7.41,3,0,2,5.11,292,high,3,0.82
5,4,0,6.88,1,0,6.93,4,0,0,5.03,147,high,3,0.36
2,5,1,6.21,1,1,7.23,5,0,2,5.47,479,medium,5,0.5
1,7,2,6.15,1,0,7.76,2,0,2,5.17,443,medium,2,0.74
7,3,0,6.34,1,0,6.99,0,0,2,4.81,555,medium,1,0.43
4,9,0,6.32,0,1,7.2,5,0,0,4.98,490,medium,3,0.43
1,6,1,6.14,0,0,7.43,3,0,2,4.24,147,low,4,0.46
6,5,2,6.51,1,1,7.5,2,0,1,5.05,246,low,2,0.5
5,8,1,6.22,1,0,7.2,4,0,2,5.21,106,low,3,0.49
8,7,2,6.55,0,0,7.71,5,0,2,5.16,450,low,1,0.86
5,8,2,5.76,0,0,7.64,2,0,2,5.79,201,medium,5,0.65
4,5,2,6.39,1,0,7.86,2,0,0,5.37,419,low,2,0.57
10,4,2,5.95,1,0,7.37,2,0,2,5.36,55,medium,1,0.64
7,9,2,6.18,0,0,7.19,2,0,2,4.71,157,medium,1,0.65
4,7,2,6.57,1,1,7.13,2,1,2,5.09,403,medium,3,0.62
8,4,0,5.7,1,1,7.52,2,0,0,5.05,53,high,1,0.42
5,6,2,6.09,1,1,7.25,1,0,0,4.96,499,medium,4,0.28
5,7,1,6.78,1,1,7.17,4,0,2,4.96,452,medium,4,0.39
5,4,2,5.79,0,0,7.22,0,0,2,4.66,206,low,2,0.63
2,7,1,7.39,1,1,7.13,4,0,2,4.82,567,high,3,0.43
3,3,2,7.1,1,0,7.48,3,0,2,5.46,295,medium,1,0.71
4,4,0,6.25,1,0,6.83,3,0,2,5.16,599,medium,3,0.51
9,7,0,6.11,1,1,7.52,4,0,2,5.05,299,medium,2,0.54
0,5,2,6.6,1,0,7.67,2,1,2,5.2,358,low,2,0.74
5,6,1,5.78,1,1,7.17,1,0,2,5.55,484,low,3,0.43
5,3,1,5.5,1,0,8.17,0,0,2,5.2,324,high,2,0.68
5,4,2,6.27,0,0,7.41,5,0,0,5.36,151,medium,4,0.58
5,6,1,6.43,0,0,6.78,5,1,2,4.95,188,medium,3,0.51
4,6,2,6.55,1,0,7.29,2,0,2,5.01,207,high,4,0.67
9,5,1,6.19,1,1,7.43,4,0,0,5.31,357,high,5,0.39
6,6,2,7.14,1,1,7.58,5,0,2,5.77,336,low,5,0.36
2,9,1,5.75,1,0,7.3,4,0,2,5.63,118,medium,3,0.58
6,7,0,5.93,1,0,7,1,0,0,5.37,67,low,3,0.28
6,4,2,6.74,1,0,6.96,1,1,1,5.25,375,low,3,0.5
6,6,2,5.92,1,1,7.14,4,0,2,5.62,281,medium,4,0.54
5,6,1,5.9,1,0,7.18,2,0,2,5.44,178,high,3,0.55
2,7,2,6.56,1,1,6.95,2,0,2,4.51,45,high,5,0.24
5,4,1,5.97,1,0,7.11,2,0,2,4.88,396,medium,2,0.57
3,5,2,6.43,1,1,7.66,5,0,0,5.3,147,low,3,0.38
3,5,0,6.15,1,0,8.06,0,0,2,4.66,346,low,3,0.38
3,5,2,6.07,1,0,7.7,0,0,0,4.93,317,medium,4,0.38
6,3,2,5.45,0,0,7.92,2,0,0,4.99,380,medium,1,0.67
6,7,2,6.57,0,1,7.79,4,0,2,5.12,326,low,3,0.64
4,5,0,5.88,1,1,7.73,1,0,2,5.11,223,low,3,0.4
5,12,0,6.42,1,0,7.26,3,0,0,5.11,421,low,1,0.49
5,5,2,6.24,1,0,7.46,1,0,1,5.45,472,high,3,0.63
7,6,2,6.4,0,1,7.23,1,0,1,5.12,310,low,3,0.53
5,3,2,6.43,1,1,7.31,3,0,1,5.08,330,medium,1,0.64
3,4,1,6.6,1,0,7.43,2,1,2,4.8,455,high,3,0.64
4,6,2,6.14,1,0,7.69,1,0,1,5.51,279,low,5,0.45
7,6,2,7.12,0,0,7.57,3,0,2,5,544,low,5,0.52
5,7,1,5.58,1,1,7.34,5,0,2,4.87,435,medium,3,0.46
7,5,1,6.39,1,0,7.42,4,0,1,5.26,273,medium,3,0.59
8,13,2,6.92,0,0,7.57,4,0,1,4.97,396,low,2,0.61
7,1,0,6.74,1,0,7.67,4,0,0,5.04,149,low,5,0.28
5,6,2,6.01,1,0,6.79,2,0,2,5.28,469,low,2,0.55
8,4,2,6.1,1,0,6.97,1,0,2,5.1,533,high,3,0.6
4,3,2,6,1,0,7.84,1,0,1,5.89,462,high,1,0.77
6,4,2,6.8,1,0,7.38,0,0,2,5.18,212,medium,3,0.63
8,3,2,6.13,1,1,7.23,4,0,2,5.39,490,low,1,0.66
6,4,2,6.63,1,1,7.29,2,1,0,4.62,147,high,4,0.32
3,6,1,6.63,0,0,7.29,3,1,2,4.94,60,medium,3,0.59
8,6,2,7.68,0,0,7.62,2,0,0,4.87,178,low,3,0.3
4,10,1,6.66,1,0,6.96,1,0,0,4.91,557,low,2,0.27
7,6,2,6.09,0,1,7.41,4,1,2,5.32,302,high,4,0.74
2,6,0,5.77,1,1,7.5,0,0,2,5.51,414,low,1,0.5
10,3,1,6.36,1,1,7.56,5,0,0,5.3,131,low,3,0.3
6,7,2,6.44,1,1,7.49,2,0,2,5.13,101,low,3,0.4
4,5,2,5.39,1,0,7.61,0,0,1,5.01,437,medium,5,0.48
5,7,0,6.14,1,0,7.17,1,1,2,5.53,376,medium,2,0.63
6,3,2,6.65,1,0,7.02,3,0,1,5.82,396,high,3,0.69
4,8,2,6.23,0,1,8.38,2,0,0,5.24,578,medium,3,0.57
5,8,0,6.98,0,0,7.28,5,0,2,5.48,320,high,4,0.71
6,6,2,5.72,1,1,7.33,1,1,0,5.3,451,high,1,0.63
3,8,2,6.84,0,1,7.67,4,0,2,5.43,210,low,3,0.66
7,8,2,6.96,1,1,8.04,2,0,0,4.85,143,low,2,0.25
7,6,0,6.98,1,0,7.18,0,0,2,5.05,267,medium,1,0.61
8,12,1,5.72,1,0,7,2,1,2,5.32,123,low,2,0.52
4,5,2,6.66,0,1,6.9,1,0,0,5.56,289,low,5,0.3
7,4,2,6.17,1,0,8.04,1,0,0,4.95,136,medium,2,0.4
3,10,2,5.8,0,0,6.98,0,0,2,4.59,273,low,5,0.35
4,10,2,6.29,1,1,7.39,5,0,2,5.05,452,low,2,0.6
4,7,2,6.05,0,1,7.01,1,0,2,5.5,364,high,5,0.6
0,6,1,6.96,1,0,6.82,2,0,0,4.72,52,medium,3,0.24
1,1,2,6.76,0,1,7.28,5,0,2,4.85,300,high,2,0.79
1,4,2,5.92,0,0,7.02,0,0,0,5.25,169,low,3,0.52
7,7,0,6.14,1,0,7.12,1,0,2,5.17,495,low,3,0.48
5,9,1,6.31,0,0,8.2,1,0,1,5.38,483,medium,3,0.63
5,5,0,6.46,1,1,7.57,2,0,0,4.83,413,medium,3,0.25
8,4,2,7,0,0,7.77,1,0,1,5.1,406,low,3,0.55
3,6,1,6.85,1,0,7.73,2,0,2,5.56,467,low,3,0.57
5,4,2,6.53,1,0,7.36,4,0,0,4.84,451,medium,4,0.46
3,6,1,6.37,0,1,7.22,5,0,0,5.64,185,medium,3,0.48
5,3,0,5.61,1,0,7.5,2,0,2,4.88,364,low,5,0.32
1,3,0,7.15,1,0,7.47,3,0,0,5.45,560,low,5,0.28
7,6,1,6.28,0,0,7.17,1,0,2,5.09,161,high,1,0.73
2,5,1,7.28,0,0,7.45,4,0,0,4.86,530,high,1,0.63
4,10,2,6.6,1,0,7.12,5,0,0,5.05,551,low,3,0.55
6,6,2,7.51,1,1,7.33,0,0,2,5.36,169,medium,3,0.31
7,10,2,6.8,1,0,7.27,3,0,1,5.2,164,medium,2,0.54
9,6,2,5.78,1,1,6.89,0,0,2,5.54,436,medium,2,0.46
4,6,2,6.19,1,0,6.46,3,0,1,5.63,123,medium,3,0.44
1,4,1,6.42,0,0,7.02,4,0,2,4.85,270,low,3,0.65
4,4,0,6.06,1,0,8.12,5,0,2,4.82,194,high,2,0.55
6,2,0,6.31,1,0,7.28,4,0,2,4.81,354,high,4,0.53
3,6,2,5.82,1,1,7.71,4,0,0,4.93,247,high,3,0.46
4,3,0,6.5,1,1,6.55,3,1,2,5.53,260,medium,3,0.46
2,7,1,6.62,1,0,7,2,0,2,5.37,208,medium,3,0.64
6,5,1,6,1,0,6.86,5,0,1,5.04,109,low,2,0.41
8,5,2,7.47,1,0,7.32,0,1,0,5.2,383,medium,3,0.46
7,7,2,6.53,0,0,8.37,2,0,2,5.62,190,low,2,0.65
2,5,2,6.09,0,1,7.58,2,0,0,5.77,456,medium,1,0.69
6,4,0,5.69,1,1,8.08,1,0,1,5.28,432,high,3,0.45
9,8,0,6.53,1,0,7.3,0,0,2,4.4,61,low,2,0.31
3,5,2,6.37,0,0,7.95,3,0,1,5.29,150,medium,3,0.64
8,5,2,6.89,1,0,8.23,1,0,1,5.48,544,medium,3,0.58
7,4,1,6.43,1,1,7.36,1,0,1,5.27,414,low,2,0.45
6,6,1,5.9,0,0,7.18,4,0,2,5.42,454,low,1,0.79
10,6,2,7.34,0,0,6.87,3,0,2,5.31,505,medium,4,0.49
5,4,2,6.72,1,0,7.28,2,0,0,4.83,589,high,1,0.62
5,7,2,6.37,1,0,7.43,5,0,2,4.93,196,medium,3,0.51
5,4,2,6.58,1,0,8.21,2,0,2,5.1,418,medium,3,0.67
5,6,2,6.74,1,1,6.88,2,0,0,5.52,362,high,4,0.35
4,8,1,5.79,1,1,7.42,4,0,2,4.97,552,medium,4,0.41
10,4,2,6.58,0,0,6.67,2,0,2,5.34,500,low,4,0.54
3,3,1,6.27,1,0,7.23,0,0,0,5.29,553,high,2,0.6
2,7,1,6.75,1,0,7.52,2,0,0,5.68,82,high,4,0.44
6,4,2,6.13,1,1,7.61,2,1,2,5.19,596,low,2,0.62
4,8,1,6.2,0,0,7.64,0,0,2,4.67,50,low,2,0.48
4,9,0,7.33,0,1,7.56,4,0,2,5.39,48,medium,3,0.41
8,6,1,7.12,1,1,7.63,1,0,0,5.84,485,high,3,0.33
5,6,1,4.85,1,0,7.42,3,0,0,5.41,351,medium,1,0.62
4,7,2,7.08,1,0,6.98,4,0,2,4.96,462,high,1,0.56
7,11,2,6.46,1,1,6.66,2,0,0,4.88,88,high,4,0.12
4,3,1,6.15,1,0,7.18,1,0,2,4.91,180,low,4,0.32
2,8,1,6,1,0,7.35,3,0,2,5.8,469,medium,3,0.66
2,3,0,6.03,1,0,7.9,3,0,0,5.1,87,low,3,0.38
3,4,2,6.16,1,0,7.36,3,0,2,5,322,low,4,0.61
3,5,2,5.94,1,1,7.32,0,0,1,5.15,211,medium,4,0.43
8,7,2,5.82,0,0,7.55,0,0,0,5.1,107,high,3,0.56
6,7,1,5.98,0,0,7.29,1,0,2,5.67,134,high,3,0.63
0,5,2,6.66,1,1,7.72,2,0,2,4.9,290,low,2,0.49
8,10,2,6.53,1,0,8.19,1,1,0,5.55,252,low,3,0.5
5,3,0,6.78,1,1,8.28,2,1,0,5.24,513,low,2,0.42
4,2,1,6.47,1,0,7.44,4,0,0,5.56,158,medium,3,0.5
5,5,0,5.85,1,0,7.53,3,1,2,5.67,348,low,3,0.57
7,6,1,6.75,1,0,8.03,3,0,2,5.23,538,low,2,0.62
6,7,1,6,1,1,7.34,0,0,2,5.11,49,medium,4,0.31
3,5,1,6.82,0,1,7.67,4,0,2,5.22,264,low,2,0.66
4,5,1,5.92,1,0,6.95,5,0,0,5.17,583,low,3,0.43
2,7,0,6.16,1,1,7.28,4,1,0,4.7,379,medium,4,0.33
4,8,2,6.32,1,1,7.86,2,0,1,5.67,482,high,3,0.57
1,2,1,6.84,1,0,7.11,4,0,1,5.27,538,low,3,0.62
9,10,0,6.59,0,0,7.35,0,0,0,4.85,452,low,3,0.33
3,5,0,6.51,1,0,6.77,2,0,0,4.58,219,high,4,0.27
1,5,2,7.44,1,0,8.2,1,0,2,4.5,154,medium,5,0.27
5,7,0,5.58,1,0,7.91,2,0,2,5.43,35,low,3,0.4
4,5,1,5.98,1,0,7.48,1,0,2,5.01,487,medium,4,0.55
6,9,0,5.96,1,0,7.6,5,0,0,5.06,583,medium,1,0.61
5,14,2,5.61,1,0,7.56,2,0,2,5.35,599,low,4,0.52
8,8,0,6.14,0,0,7.95,3,0,2,5.05,551,medium,5,0.57
5,7,2,6.84,1,0,7.19,5,0,2,5.36,118,low,3,0.56
7,5,2,6.2,1,0,7.69,1,1,2,5.23,140,medium,4,0.53
4,10,2,6.33,1,0,7.83,0,0,2,5.17,580,medium,3,0.6
1,6,1,5.64,1,1,7.89,5,0,0,4.73,426,low,2,0.4
5,3,2,6.1,1,0,6.5,5,0,0,4.95,40,low,4,0.23
4,3,1,6.27,1,0,7.16,5,0,0,5.38,526,low,3,0.55
3,6,0,6.82,0,0,6.99,1,0,0,5,45,low,3,0.3
2,7,1,5.66,1,0,7.46,1,1,2,5.56,62,medium,3,0.57
12,9,2,6.27,0,1,6.59,2,0,2,5.9,518,low,4,0.42
5,8,2,7.04,0,0,6.58,3,1,0,5.4,217,high,4,0.52
10,5,0,6.28,1,0,8.27,5,1,2,5.65,487,low,2,0.63
6,10,2,5.44,0,0,7.65,2,0,2,5.42,80,low,3,0.57
1,4,2,7.14,1,0,7.45,2,0,2,5.04,300,low,5,0.46
6,7,0,6.87,1,0,7.55,3,0,2,5.26,493,medium,3,0.57
2,5,2,6.93,1,0,7.46,2,0,2,5.8,72,medium,5,0.49
4,6,2,5.63,1,0,7.8,3,0,1,5.04,568,low,4,0.54
5,7,2,7.26,1,1,7.15,0,0,1,4.89,597,medium,3,0.26
8,4,0,6.11,1,0,7.47,3,0,2,4.86,150,high,3,0.44
4,7,2,6.25,1,0,7.49,4,0,0,5.13,345,medium,3,0.61
2,4,1,6.15,0,0,6.98,3,0,2,4.9,144,medium,3,0.48
1,9,0,6.97,1,1,7.91,3,0,1,5.7,483,high,3,0.51
8,10,2,6.41,1,0,7.22,4,0,2,5.26,549,medium,4,0.61
8,4,2,6.74,1,0,7.81,3,0,0,5.49,366,high,4,0.59
4,5,0,6.54,1,0,7.45,1,0,2,5.11,269,low,3,0.5
1,8,1,6.45,1,0,8.05,2,0,1,4.86,415,low,4,0.39
9,10,2,6.03,1,0,6.98,2,0,0,4.81,174,medium,3,0.22
4,8,2,7.41,1,1,6.97,0,0,2,4.93,406,medium,3,0.23
2,9,0,5.77,1,0,7.04,0,0,2,5.3,33,low,3,0.4
4,8,1,6.71,0,1,7.45,4,0,2,5.36,357,medium,4,0.61
3,8,2,6.69,1,0,8.02,1,0,2,5.38,226,medium,3,0.65
8,6,0,7.08,0,1,8.04,0,0,0,4.75,418,medium,2,0.26
9,2,1,7.19,1,0,6.48,2,0,1,5.2,290,medium,3,0.39
4,9,1,6.43,1,0,7.5,0,0,2,4.89,123,medium,2,0.43
4,2,0,6.77,0,1,6.11,0,1,2,5.32,286,medium,3,0.52
5,2,1,7.38,1,0,7.72,3,0,2,5.34,165,medium,2,0.51
11,4,0,6.47,1,1,7.85,0,0,1,4.85,554,low,4,0.15
8,4,1,5.97,1,0,7.38,4,0,1,5.49,527,medium,2,0.66
6,5,2,6.31,0,1,7.43,2,0,2,5.9,207,high,3,0.7
2,6,2,5.85,1,0,7.43,4,0,2,5.45,141,high,2,0.73
8,9,2,6.69,1,1,7.09,4,0,0,5.15,293,low,5,0.34
7,6,2,7.03,1,0,7.57,5,0,2,5.11,443,medium,3,0.61
6,4,2,6.44,1,0,7.31,1,0,2,5.14,398,low,4,0.55
5,5,0,5.69,1,1,7.77,5,0,2,4.97,407,medium,4,0.36
3,5,1,7.01,1,1,7.35,5,0,0,5.28,412,low,4,0.28
5,5,2,5.61,1,0,7.06,3,0,2,4.86,540,high,4,0.57
3,12,1,5.73,0,0,6.79,4,1,2,4.63,406,high,2,0.68
3,5,2,6.41,0,0,6.65,1,0,2,5.27,574,high,3,0.7
7,5,1,6.63,0,0,7.93,2,0,2,5.21,102,medium,2,0.65
4,4,2,6.71,1,0,7.22,2,0,2,5.03,533,low,4,0.59
4,7,2,6.47,1,1,7.54,1,0,1,4.82,381,medium,5,0.3
6,7,1,7.38,1,0,8.11,4,0,1,5.29,354,high,5,0.44
6,4,1,6.53,1,0,7.17,4,0,0,4.9,417,high,2,0.56
3,7,2,7.02,1,1,7.15,3,0,1,5.16,269,high,3,0.49
4,6,2,6.89,1,0,7.35,3,0,2,5.73,103,high,3,0.64
6,8,0,5.85,0,0,7.41,5,0,1,5.4,60,low,2,0.56
6,4,2,6.42,0,1,8.16,2,0,2,4.79,508,high,1,0.72
6,4,1,7.56,1,1,8.03,3,0,2,4.82,43,medium,3,0.24
6,3,2,6.25,1,1,7.65,1,0,1,5.25,345,high,5,0.45
3,10,1,6.16,1,1,7.98,2,0,1,4.79,97,medium,3,0.24
5,9,2,6.59,1,0,7.33,4,0,2,4.6,567,low,3,0.54
2,2,0,6.27,1,0,7.52,2,0,2,5.36,320,high,3,0.68
5,4,2,6.1,1,1,7.28,0,0,0,5.3,53,medium,3,0.33
3,5,2,6.26,1,0,6.88,2,0,1,5.34,444,medium,5,0.42
3,5,1,7.22,0,0,7.88,3,1,0,5.28,65,low,3,0.44
5,6,2,6.43,1,1,7.61,1,0,0,5.18,130,high,1,0.48
11,3,0,5.84,1,1,7.41,4,0,1,5,575,medium,3,0.43
7,5,1,5.74,1,0,7.4,4,0,0,5.35,68,medium,5,0.34
7,10,1,7.6,0,1,6.8,3,0,2,5.66,240,low,3,0.34
4,5,2,6.39,1,1,7.01,3,0,2,5.05,201,high,3,0.64
1,4,2,6.72,1,1,7.53,3,1,2,4.89,471,medium,2,0.63
4,6,2,6.11,1,1,7.19,0,0,2,4.86,88,low,2,0.33
5,3,0,6.66,0,0,7.31,1,1,2,4.94,439,medium,4,0.55
4,7,1,7.23,0,1,7.36,0,0,2,5.26,563,high,3,0.53
4,4,2,6.17,1,0,7.13,3,0,0,4.56,394,low,3,0.46
7,7,2,6.73,1,1,7.01,1,0,2,5.33,396,medium,3,0.53
6,3,1,5.8,0,1,6.76,3,0,2,5.39,373,medium,5,0.44
8,6,2,7.51,1,0,7.34,1,0,0,4.66,325,medium,1,0.43
4,6,1,6.63,0,0,7.65,4,0,0,4.91,370,medium,4,0.51
3,4,1,6.29,1,0,6.74,0,0,0,5.22,552,medium,3,0.4
0,8,1,6.35,1,1,7.39,5,0,0,5.16,294,low,4,0.4
4,9,0,6.24,1,1,7.51,3,0,2,5.36,553,medium,5,0.39
1,1,2,6.27,1,0,7,3,0,2,5.16,67,high,3,0.7
4,6,2,5.28,1,0,7.97,2,0,2,5.58,160,low,2,0.57
3,4,2,6.45,1,1,7.25,5,0,0,5.1,411,high,2,0.65
5,9,2,6.43,1,0,7.36,4,0,1,4.91,254,high,4,0.54
6,6,2,6.74,1,0,7.34,3,0,2,4.88,172,medium,2,0.52
6,4,0,6.24,1,0,6.69,0,0,1,5.42,460,low,2,0.38
4,6,2,6.11,1,1,7.8,4,0,2,5.21,418,low,2,0.61
4,3,2,6.5,0,1,7.02,3,0,2,5.39,83,high,3,0.66
5,6,1,5.69,0,0,7.31,0,0,2,5.38,53,low,1,0.61
1,10,2,6.57,1,0,7.64,2,0,1,4.59,424,low,4,0.41
9,8,2,5.57,1,0,7.98,2,0,2,4.86,148,low,4,0.35
7,7,0,7.06,0,1,6.97,0,1,0,4.89,214,high,3,0.21
5,2,1,6.84,1,0,7.22,4,1,0,4.96,221,low,3,0.48
4,2,1,6.04,1,0,7.95,0,1,1,5.07,516,medium,3,0.62
5,9,2,6.83,1,0,7.59,5,0,0,5.5,413,high,4,0.61
4,9,1,6.56,0,1,7.67,0,0,0,5.56,375,low,3,0.43
1,10,1,6,1,0,6.98,2,0,1,5.11,502,low,3,0.41
3,10,0,5.49,1,0,7.25,2,0,0,5.12,32,low,3,0.29
7,3,2,6.66,1,1,7.33,2,0,0,4.99,79,high,4,0.27
6,8,0,6.1,0,1,7.06,5,0,2,5.23,533,low,3,0.56
10,8,0,7.05,1,0,6.73,3,1,1,5.26,240,medium,3,0.34
4,8,1,6.51,1,0,7.2,5,0,2,5.44,557,low,2,0.68
5,5,2,6.15,1,0,7.94,3,0,0,5.44,312,medium,3,0.57
6,4,1,7.4,1,0,7.42,5,0,2,4.51,408,medium,3,0.48
6,7,0,6.79,1,0,7.95,1,0,2,5.15,355,low,3,0.48
8,6,2,4.67,1,0,7.47,3,0,2,5.62,327,low,3,0.62
4,7,2,6.26,0,0,7.09,4,0,2,5.07,167,medium,4,0.66
3,2,2,5.81,1,1,7.91,4,0,2,5.54,154,low,1,0.6
3,4,2,6.1,0,0,7.48,2,0,2,5.11,421,medium,3,0.79
9,2,1,6.43,0,0,7.78,5,0,0,5.25,431,low,3,0.65
7,6,2,6.68,1,0,6.97,0,0,0,4.86,509,medium,3,0.31
2,4,2,6.63,1,0,7.82,2,0,2,4.87,430,low,3,0.56
2,8,0,7.04,1,0,7.83,0,0,2,5.42,599,high,4,0.45
4,1,2,6.82,1,1,7.52,5,0,2,5.46,391,low,2,0.67
6,7,2,6.79,1,0,7.08,2,0,0,5.21,95,medium,4,0.4
9,2,0,6.6,0,1,7.38,2,0,2,4.83,457,medium,4,0.44
11,6,1,7.14,0,0,7.64,4,0,2,5.21,550,low,3,0.56
4,6,0,6.34,0,0,7.49,0,1,0,5.58,461,medium,4,0.53
7,8,1,6.35,1,0,7.64,1,0,0,5.72,134,high,3,0.43
7,5,2,5.55,0,0,7.8,1,0,1,5.1,118,low,3,0.53
3,8,2,7.03,1,1,7.14,2,0,2,4.7,35,medium,5,0.17
7,5,2,6.46,1,1,6.94,5,0,2,5.45,187,medium,2,0.46
5,9,0,7.97,0,0,7.38,2,0,0,5.12,408,low,2,0.45
2,5,1,6.3,0,0,7.27,4,0,1,5.48,359,high,2,0.83
9,8,2,6.54,1,0,7.71,0,0,2,5.28,132,low,3,0.46
6,2,2,6.77,1,1,6.97,2,0,2,4.93,252,low,2,0.39
3,3,0,5.95,1,0,7.81,5,0,1,5.22,431,medium,5,0.5
6,2,1,6.68,1,0,7.94,1,0,2,5.59,574,high,3,0.67
3,6,0,6.52,1,0,7.4,0,0,2,5.16,538,medium,4,0.48
2,9,2,6.35,1,0,7.42,2,0,2,4.89,213,low,2,0.59
8,5,1,7.09,1,0,7.09,0,0,2,4.72,116,medium,3,0.26
4,0,2,6.05,1,0,7.18,4,0,2,4.97,409,low,1,0.7
5,11,1,6.64,1,0,7.24,1,0,2,5.08,567,low,2,0.55
4,3,2,7.23,1,0,7.98,5,0,2,5.45,442,high,3,0.7
3,11,1,6.15,1,0,7.37,0,0,1,4.86,547,low,5,0.25
4,5,2,6.35,1,0,6.87,1,0,2,5.67,324,high,3,0.6
3,5,2,7.67,0,0,7.5,2,0,0,4.8,289,high,3,0.52
11,4,2,6.74,1,0,7.73,5,0,2,5.9,413,low,3,0.65
6,10,2,6.25,1,0,7.39,5,0,0,5.72,333,medium,1,0.68
5,5,2,6.9,1,0,7.99,3,0,2,5.24,345,medium,3,0.67
5,4,1,6.22,0,0,7.71,0,0,1,4.71,106,medium,1,0.53
5,3,2,5.72,1,0,6.98,1,1,0,5.18,408,medium,4,0.45
3,4,0,7.19,0,0,7.18,0,0,1,5.08,490,low,4,0.4
6,7,0,5.95,0,0,7.49,2,0,0,4.82,85,high,3,0.4
4,3,1,7.73,0,0,6.73,2,0,2,5.29,110,medium,3,0.44
5,4,1,6.26,1,1,7.53,5,1,2,4.95,205,high,2,0.63
3,10,0,7.57,1,0,6.7,5,0,1,4.99,412,low,4,0.15
7,4,2,5.82,1,1,7.81,1,0,0,5.14,178,medium,4,0.3
3,8,2,7.01,1,1,7.76,4,0,0,5.03,310,low,4,0.31
6,5,2,6.75,1,0,7.6,0,0,1,5.82,374,medium,2,0.61
7,3,2,6.92,1,1,7.13,0,0,2,5.04,438,low,2,0.53
1,9,2,6.98,0,0,7.47,2,1,1,5.33,59,medium,3,0.69
6,6,0,6.25,1,0,7.19,0,0,0,5.24,451,low,5,0.26
4,8,2,5.85,1,0,6.99,1,0,2,5.31,260,medium,5,0.45
2,5,1,6.47,1,0,7.26,3,0,2,5.33,388,high,3,0.71
2,4,1,6.61,1,0,7.68,5,0,1,5.46,191,low,4,0.47
5,8,1,6.26,1,0,7.42,2,1,0,5.28,257,medium,5,0.45
5,4,2,6.64,0,0,7.98,5,0,2,5.27,250,low,2,0.83
3,7,1,6.66,1,0,7.71,5,0,0,5.22,102,high,4,0.48
5,7,1,6.04,0,0,7.66,5,0,0,5.16,428,high,2,0.76
11,6,0,6.7,0,0,6.76,3,0,1,4.93,124,low,3,0.24
2,5,1,6.37,1,1,7.29,0,0,2,5.18,504,medium,2,0.55
6,9,1,6.15,1,0,6.97,4,0,2,5.27,124,low,3,0.39
5,7,1,6.89,0,0,7.33,5,0,2,5.32,153,low,4,0.56
3,10,1,6.11,1,0,7.12,1,0,1,5.25,529,low,3,0.47
4,4,2,6.27,1,1,7.25,5,0,0,5.13,77,medium,2,0.5
10,2,0,6.54,1,0,7.82,5,0,0,5.18,124,low,2,0.42
1,9,0,7.19,1,1,7.59,0,0,0,5.03,506,medium,3,0.25
8,10,2,6.6,1,0,7.8,1,0,0,5.29,62,medium,3,0.4
3,7,2,6.76,1,0,6.76,0,1,2,5.13,147,low,3,0.43
5,3,2,6.35,1,1,7.42,5,0,2,5.25,280,high,1,0.78
4,6,1,6.46,1,1,7.79,0,0,1,5.5,332,medium,4,0.38
11,7,1,6.48,1,0,8,0,0,2,4.99,151,low,5,0.18
3,9,0,6.65,1,0,6.78,2,0,1,5.38,247,medium,3,0.42
4,4,1,6.35,0,1,7.26,3,0,2,5.21,82,medium,4,0.51
3,8,1,7.17,0,0,7.81,4,0,0,5.81,155,high,5,0.41
3,10,2,6.31,0,0,7.32,3,0,0,5.14,188,medium,3,0.56
8,9,2,5.65,1,0,7.04,3,1,0,5.41,205,low,3,0.57
1,8,1,7.87,1,0,6.78,1,0,1,5.2,321,medium,4,0.32
5,7,1,6.34,1,1,7.02,2,0,0,4.78,188,medium,2,0.25
7,6,2,7.16,1,0,6.72,2,0,1,5.04,520,low,3,0.35
3,7,2,7.2,1,1,7.42,0,0,2,5.46,386,medium,4,0.38
7,8,1,6.97,1,0,7.76,3,0,2,5.07,266,high,2,0.72
5,4,2,6.4,1,0,6.9,4,1,2,4.53,457,low,4,0.46
7,7,2,6.64,0,0,7.5,1,0,0,5.19,154,medium,3,0.53
5,15,0,5.86,0,1,7.74,2,0,2,4.87,344,low,3,0.37
7,2,2,7.5,1,1,7.4,0,0,2,5.24,308,high,3,0.5
5,8,1,6.07,1,1,6.76,4,0,1,5.67,134,medium,3,0.29
4,8,2,6.37,1,0,7.55,3,0,0,5.43,71,low,4,0.39
5,3,2,6.55,0,1,7.38,4,0,2,5.66,426,medium,3,0.71
11,5,1,6.45,0,1,7.34,2,0,0,5.03,489,low,5,0.32
7,4,2,6.17,1,0,7.18,1,0,2,5.16,520,low,3,0.6
6,4,1,7.2,1,0,7.43,3,0,2,4.89,594,medium,3,0.44
3,3,1,6.98,1,0,7.6,1,0,2,4.99,197,medium,5,0.32
0,4,2,6.66,1,0,8.36,5,0,2,4.92,203,medium,2,0.72
10,6,1,6.3,1,1,7.44,4,1,2,4.81,401,high,4,0.46
5,11,0,7.03,1,0,8,4,0,0,5.61,179,low,2,0.26
5,4,2,6.27,1,0,7.54,0,0,0,4.57,278,low,4,0.33
3,6,2,7.29,1,0,7.36,3,0,1,5.61,209,medium,3,0.54
4,4,2,6.56,1,0,7.46,4,0,1,5.57,149,low,5,0.43
2,9,2,7.11,1,1,6.91,2,0,2,5.35,57,high,4,0.29
2,8,1,6.44,1,0,7.52,5,0,0,4.87,146,high,1,0.55
7,3,0,6.54,0,0,6.6,2,0,2,4.73,291,low,2,0.47
3,13,0,7.11,1,1,7.05,1,0,0,5.04,67,low,3,0.07
1,7,1,7.6,1,1,7.44,5,0,0,5.39,226,low,3,0.35
3,9,1,7.28,0,0,7.88,5,0,2,5.2,554,low,2,0.68
7,4,1,6.94,1,0,7.97,2,0,2,4.89,466,medium,2,0.57
5,10,2,6.79,0,0,7.31,4,0,0,5.54,439,high,3,0.71
5,6,2,6.25,1,1,7.46,2,0,2,5.71,362,low,1,0.6
4,9,0,6.65,1,1,7.79,3,0,2,5.13,560,medium,4,0.44
5,9,2,6.04,0,0,6.87,1,0,2,5.23,494,low,4,0.53
5,9,2,6.69,1,0,7.56,5,0,2,4.75,187,high,4,0.51
3,11,2,6.72,1,0,7.07,3,1,2,5.08,189,medium,1,0.71
3,4,2,5.52,1,0,7.33,4,0,2,5.35,363,medium,1,0.83
6,5,2,6.52,1,0,7.22,4,0,2,5.31,405,low,3,0.64
6,2,2,6.71,1,0,7.57,2,0,0,5.05,108,low,5,0.34
4,7,2,6.46,1,0,7.62,0,0,2,5.12,226,low,3,0.58
9,5,2,6.68,1,1,7.76,5,0,2,5.07,149,medium,3,0.51
6,8,2,5.83,0,0,7.54,5,0,2,5.12,255,medium,2,0.86
5,5,2,6.11,1,1,7.47,0,0,0,5.33,439,low,3,0.36
5,6,2,7.02,0,0,8.14,4,0,2,4.61,567,medium,3,0.59
4,5,2,6.5,1,1,6.79,4,0,1,5.18,368,medium,2,0.51
10,2,2,6.67,1,0,8.08,5,0,2,5.3,585,high,3,0.77
6,7,2,6.23,0,0,7.28,1,0,2,5.03,566,low,3,0.68
2,9,2,6.51,1,0,7.63,5,0,2,5.06,249,high,3,0.8
4,5,1,5.35,0,0,7.27,4,0,1,5.06,322,low,3,0.66
3,5,1,6.92,1,1,7.12,4,0,1,5.06,233,medium,4,0.46
2,7,2,7.4,1,0,7.59,1,0,0,5.2,543,low,3,0.42
5,4,2,5.97,1,0,7.82,3,0,2,5.24,231,low,3,0.64
6,9,0,6.03,1,0,7.59,3,0,0,4.57,61,medium,4,0.22
5,1,2,6.72,1,1,7.18,1,0,2,5.4,118,low,5,0.32
10,9,2,7.24,1,0,8.84,1,0,2,5.11,231,medium,3,0.5
5,1,1,6.5,1,0,7.88,3,0,0,5.78,322,low,2,0.56
5,6,1,5.89,1,1,7.77,3,0,1,4.84,144,medium,4,0.22
4,5,2,6.4,1,0,7.26,3,0,2,4.94,251,medium,2,0.64
4,5,1,5.99,1,0,7.15,3,0,1,5.14,211,medium,5,0.49
3,10,2,6.17,1,0,7.29,5,0,2,5.32,498,low,1,0.75
6,3,2,6.35,1,0,7.83,5,0,1,4.61,455,low,5,0.43
4,4,2,6.04,1,0,7,2,0,1,4.95,581,medium,3,0.54
2,6,0,6.11,1,0,6.97,1,0,0,5.38,89,high,4,0.27
9,10,2,6.54,0,1,7.62,0,0,2,4.92,514,high,3,0.53
5,8,1,6.61,1,1,7.53,2,0,0,5.61,40,low,5,0.15
9,7,0,5.79,1,1,7.09,0,0,2,5.06,414,medium,2,0.46
5,4,0,6.7,1,0,6.96,0,0,2,4.93,439,low,2,0.33
5,6,1,6.31,1,0,7.98,4,0,1,5.38,71,medium,1,0.59
1,6,1,6.86,1,1,7.54,1,0,2,5.68,152,low,5,0.27
5,5,1,6.89,1,0,6.85,5,0,2,5.32,281,high,3,0.61
8,4,1,6.23,1,1,6.88,2,0,1,5.58,513,medium,3,0.37
6,4,0,6.81,1,0,7.26,1,0,0,5.7,242,low,3,0.4
2,5,2,6.08,0,1,7.69,3,0,2,4.92,297,medium,4,0.56
5,7,2,7.16,1,1,7.64,1,0,2,5.48,569,high,3,0.48
5,5,0,6.1,1,0,7.85,0,0,2,4.74,164,low,3,0.26
4,6,2,6.68,1,0,6.8,5,0,0,5.33,527,medium,4,0.48
6,8,2,6.41,0,0,7.49,3,1,1,5.18,155,medium,4,0.62
5,5,0,5.99,0,0,7.97,1,0,2,5.57,388,high,2,0.73
6,4,0,6.95,0,0,7.93,1,0,2,5.55,532,low,2,0.65
5,6,0,6.19,0,0,7.54,5,0,1,5.37,347,medium,1,0.76
4,7,2,5.65,1,0,8.34,0,0,2,5.29,41,high,3,0.58
7,7,2,5.06,1,0,7.64,3,0,2,5.35,506,medium,3,0.67
5,8,1,6.06,1,0,7.82,0,0,1,5.22,323,high,3,0.56
7,9,2,7.19,1,0,7.42,5,0,1,5.18,469,medium,5,0.46
6,1,0,7.13,1,0,7.09,1,0,0,5.63,545,low,3,0.32
4,12,1,6.14,1,1,7.05,2,0,1,5.67,420,low,4,0.34
8,3,2,6.31,1,1,7.47,2,0,2,5.16,345,medium,3,0.57
4,13,2,6.27,1,0,7.32,4,0,1,5.27,37,low,2,0.53
3,7,1,5.83,1,0,6.69,2,0,1,5.22,537,high,3,0.52
5,3,2,6.03,1,1,6.99,5,0,2,4.72,153,medium,5,0.23
10,0,1,6.99,0,0,7.27,5,0,2,5.1,401,low,2,0.77
6,12,2,6.75,1,0,7.69,5,0,2,5.68,343,medium,3,0.68
4,4,1,6.64,1,0,7.39,3,0,1,4.98,214,medium,1,0.61
3,2,0,5.83,1,0,7.37,4,0,0,5.83,576,medium,3,0.55
3,8,1,6.55,1,0,7.01,3,0,2,5.55,554,medium,3,0.64
5,3,1,5.35,1,1,7.41,2,0,1,5.32,68,low,4,0.27
2,4,1,6.92,0,0,7.93,2,0,2,5.37,113,low,4,0.56
6,4,0,6.63,1,1,7.46,1,0,1,4.92,50,medium,3,0.2
2,6,2,5.83,0,0,6.8,3,1,2,5.12,282,medium,5,0.66
5,9,2,7.31,1,1,6.9,0,0,2,5.63,332,low,3,0.26
2,10,2,5.6,1,0,7.64,1,0,1,5.02,287,medium,4,0.54
6,7,2,6.77,0,0,7.31,3,0,1,5.52,571,high,3,0.77
3,6,1,6.78,1,1,7.37,5,0,2,4.79,581,high,4,0.48
5,5,2,5.88,0,1,7.15,4,0,0,4.84,490,high,4,0.49
2,10,1,6.48,0,0,7.6,3,1,1,5.77,253,low,5,0.58
6,8,0,5.68,1,1,7.28,4,0,1,5.2,121,low,2,0.34
6,5,2,5.08,0,0,7.33,4,0,2,5.04,309,low,3,0.74
7,8,2,5.97,1,1,7.06,2,0,2,5.61,199,low,4,0.35
6,6,1,6.19,0,1,7.77,0,0,1,5.57,277,medium,4,0.46
6,8,2,6.82,0,0,7.31,3,0,2,5.48,390,medium,3,0.77
4,8,1,6.53,1,0,7.64,0,0,2,5.03,378,medium,1,0.68
4,6,1,6.55,1,0,6.92,4,0,1,5.11,464,medium,2,0.56
7,5,1,5.99,0,1,8.09,2,1,2,5.29,435,medium,3,0.65
5,10,2,6.23,1,0,7.91,0,0,1,5.41,107,high,4,0.43
5,4,2,6.04,1,0,6.64,1,1,2,5.05,487,high,4,0.6
8,6,2,5.89,1,0,7.08,4,0,0,5.25,421,medium,2,0.64
4,10,1,6.2,0,1,7.59,1,0,2,5.28,43,low,5,0.32
2,6,2,6.54,1,0,6.87,5,0,2,5.59,74,low,2,0.55
3,5,2,6.21,1,1,7.35,0,0,2,5.43,67,low,3,0.38
4,11,1,6.34,0,1,7.57,0,0,2,4.75,445,high,2,0.55
6,6,1,6.85,1,0,7.33,0,0,0,5.14,274,medium,4,0.41
9,7,0,6.25,1,0,7.62,5,0,2,4.92,91,medium,4,0.36
3,4,0,5.83,1,1,7.12,3,0,2,5.37,522,low,3,0.46
5,6,0,6.78,1,0,6.5,4,0,2,5.48,352,high,3,0.54
3,8,0,6.63,1,1,7.79,4,0,2,5.23,281,medium,2,0.56
2,2,1,6.66,1,1,7.79,4,0,2,5.12,497,medium,3,0.62
4,5,1,6.81,1,0,8.4,3,1,1,5.22,90,high,3,0.59
9,2,2,6.73,1,0,6.52,0,0,2,5.26,148,medium,2,0.5
4,4,2,6.51,1,0,7.7,0,1,2,5.01,116,medium,4,0.55
5,8,0,7.7,1,0,6.61,5,0,2,4.83,109,medium,3,0.21
8,6,2,5.86,1,0,8.1,1,0,0,4.58,257,low,2,0.43
8,3,2,6.21,1,0,7.6,3,0,2,5.58,512,medium,2,0.74
5,6,1,6.98,0,0,7.02,2,0,1,5.35,339,low,1,0.7
3,5,0,6.57,1,0,7.71,3,0,0,5.31,514,medium,3,0.49
9,8,0,6.88,1,0,7.18,5,0,0,5.58,54,high,3,0.46
2,4,1,6.58,1,1,7.52,1,0,2,4.82,231,low,2,0.44
8,11,0,7.19,1,0,7.48,1,1,1,4.68,254,high,4,0.3
7,9,1,6,1,0,8.1,1,0,2,5.32,539,low,3,0.53
6,7,1,7.17,0,1,8.13,0,0,1,5.29,588,medium,3,0.41
9,4,2,7.09,1,0,7.16,2,0,0,4.68,549,low,5,0.22
3,8,2,5.89,0,1,7.82,1,0,0,5.31,212,low,2,0.55
6,8,1,6.82,1,0,7.54,4,0,2,5.08,106,medium,3,0.54
7,3,2,6.48,1,1,6.83,0,0,0,4.96,455,medium,3,0.23
7,9,0,6.2,0,0,7.12,2,0,2,5.1,96,low,2,0.55
5,4,2,5.56,1,1,8.33,4,0,0,4.47,523,medium,2,0.46
5,11,2,5.99,1,1,7.54,2,0,0,5.02,576,high,3,0.47
1,7,1,6.85,1,0,7.8,5,0,1,4.99,106,medium,4,0.4
7,3,1,6.91,1,0,7.32,2,1,1,5.37,84,high,4,0.52
4,7,1,6.39,0,1,7.18,4,0,2,5.15,502,high,3,0.71
7,4,1,6.91,0,0,7.41,3,0,0,5.39,276,medium,3,0.64
5,4,1,6.97,1,1,7.29,2,0,0,4.44,468,low,3,0.27
5,7,1,6.58,1,0,6.8,3,0,2,4.95,343,low,2,0.42
3,7,2,6.14,1,1,7,2,0,1,5.37,349,high,1,0.67
5,9,2,6.72,0,0,7.68,5,0,1,5.11,249,low,3,0.71
5,10,0,6.74,1,0,7.25,4,1,0,5.45,400,medium,3,0.51
4,4,1,6.84,1,0,7.41,2,0,2,4.66,245,low,1,0.59
3,8,2,6.93,1,0,7.49,1,0,2,5.42,78,low,1,0.6
3,4,1,5.82,0,0,7.53,5,0,2,5.01,492,low,2,0.8
5,7,2,6.25,1,0,7.86,1,0,0,4.98,147,medium,3,0.33
10,10,1,5.55,0,0,6.96,5,1,0,5.5,111,medium,3,0.45
2,12,0,6.87,0,1,7.63,5,0,2,5.55,292,low,2,0.62
5,7,2,6.39,1,0,7.7,2,0,2,5.51,525,low,2,0.65
3,5,2,6.72,1,1,7.79,4,0,2,5.81,205,medium,2,0.66
4,7,1,5.76,1,0,6.83,4,0,0,5.58,118,low,1,0.41
6,6,2,7.2,1,0,7.5,0,0,2,4.96,388,medium,3,0.41
3,9,2,5.9,1,0,8.09,4,0,2,5.24,315,low,1,0.76
4,9,1,6.89,1,0,7.36,3,0,2,5.09,326,low,4,0.54
4,4,2,6.56,1,0,7.59,2,0,2,5.81,289,low,3,0.64
5,4,0,6.41,1,0,7.71,1,0,1,5.53,504,low,3,0.45
8,4,2,6.36,0,0,6.99,4,0,2,5.14,565,high,2,0.81
5,2,0,6.18,0,0,8.13,1,1,2,5.46,591,low,2,0.72
6,10,0,7.15,1,0,7.6,0,1,2,4.83,66,medium,2,0.28
3,8,0,6.51,1,0,7.61,2,0,1,5.28,210,medium,5,0.42
4,2,2,5.87,0,0,6.74,4,1,1,4.92,54,high,4,0.55
5,4,2,6.31,1,0,7.72,1,0,2,4.69,378,medium,1,0.65
6,14,2,6.56,1,0,7.6,5,0,2,5.44,572,medium,3,0.68
7,2,2,6.95,1,0,8.05,4,0,2,5.47,256,low,2,0.73
5,3,0,6.2,0,0,7.28,0,0,0,5.34,377,low,2,0.53
2,5,1,6.23,1,0,7,5,1,1,5.15,67,low,4,0.5
6,6,2,6.51,1,0,7.13,1,0,2,4.82,412,low,2,0.53
4,10,1,6.94,1,0,7.2,1,0,2,4.85,599,medium,3,0.47
2,3,1,5.82,0,1,6.95,2,0,0,4.91,265,medium,3,0.36
4,7,1,6.75,0,0,7.92,2,1,2,5.13,210,low,3,0.72
2,4,2,6.27,1,0,7.93,1,0,2,5.52,143,medium,5,0.49
3,6,1,6.34,1,0,7.32,5,1,2,5.52,335,medium,4,0.68
4,5,2,7.5,1,0,7.24,2,0,2,4.71,161,high,4,0.37
7,8,2,6.4,1,1,6.67,1,0,0,4.99,377,low,3,0.18
5,6,1,6.88,1,1,7.68,5,0,2,4.98,209,medium,1,0.56
5,1,1,6.86,0,0,8.06,3,0,0,4.44,444,medium,4,0.51
7,5,2,5.91,1,1,7.15,4,0,2,5.37,414,medium,5,0.49
9,9,2,5.58,0,0,7.35,3,0,0,5.13,541,high,3,0.72
7,4,0,6.91,1,0,7.57,3,0,2,5.17,72,low,5,0.34
6,1,0,5.96,1,0,8.09,4,0,0,5.6,509,high,2,0.63
6,4,0,5.67,1,0,7.48,1,0,2,5.23,147,high,2,0.55
9,8,2,7.01,0,1,7.48,1,0,2,5.07,90,high,2,0.53
2,6,0,5.99,0,1,7.47,2,0,2,5.37,582,low,3,0.54
3,6,0,6.11,1,0,6.83,0,0,0,5.52,217,high,4,0.33
9,6,0,7.49,1,0,6.82,1,0,2,5.29,482,medium,3,0.33
3,2,1,5.67,1,0,7.08,4,1,2,5.41,216,low,5,0.6
8,5,0,5.87,1,1,7.81,0,0,1,5.16,493,low,3,0.31
5,10,2,6.27,1,0,7.27,4,0,0,5.18,193,high,3,0.51
4,3,2,6.38,1,0,7.19,4,0,2,5.23,453,medium,4,0.68
9,8,1,6.05,0,0,7.18,4,0,2,4.97,131,low,2,0.54
2,1,2,5.92,1,1,7.34,0,0,0,5.03,296,high,4,0.49
5,9,1,7.25,1,1,8.08,3,0,0,5.61,182,low,2,0.22
10,10,1,6.63,1,0,7.34,5,0,2,5.8,458,low,2,0.6
5,5,1,6.79,1,0,7.09,4,0,0,5.68,456,low,3,0.49
4,12,0,6.43,0,1,7.41,2,0,2,4.8,565,low,5,0.29
7,2,1,6.64,0,1,8.1,1,0,1,4.77,362,low,3,0.42
3,5,2,6.97,0,0,7.2,5,0,0,4.84,469,medium,3,0.63
6,3,1,6,1,0,6.93,1,0,0,5.24,153,medium,4,0.25
3,5,2,6.63,1,1,7.2,1,1,2,4.36,331,high,2,0.6
3,8,1,6.85,1,1,7.45,0,0,1,5.02,378,high,4,0.43
4,3,1,7.27,0,1,7.68,2,0,2,5.62,278,low,3,0.49
1,11,2,7.47,0,0,7.8,2,0,0,5.49,300,low,2,0.56
2,2,2,6.53,0,1,6.98,5,0,0,5.05,458,medium,3,0.59
4,5,1,7.07,1,0,7.02,2,0,2,5.07,599,medium,2,0.57
5,4,1,5.16,0,1,7.27,2,0,0,5.37,276,high,2,0.62
8,3,1,7.28,0,0,7.67,2,0,2,5.48,510,medium,2,0.67
7,9,0,6.14,1,0,6.9,5,0,2,5.04,127,low,2,0.41
7,12,2,6.38,1,0,7.16,3,0,1,5.13,358,medium,3,0.59
2,4,2,6.72,1,1,7.16,2,0,2,5.03,454,medium,3,0.61
6,7,1,6.42,0,0,7.78,2,0,2,4.8,453,low,3,0.55
8,2,2,6.6,1,0,7.61,0,0,0,5.13,34,high,3,0.5
6,5,1,7.29,1,1,7.76,0,0,2,5.11,488,high,4,0.36
4,5,1,6.31,0,0,7.94,2,0,2,4.82,527,medium,2,0.67
4,3,2,5.96,0,0,7.28,3,0,0,5.39,116,medium,3,0.61
4,6,2,7.41,1,1,6.93,2,0,2,5.34,431,high,2,0.47
1,11,1,6.76,1,0,6.93,2,0,2,5.41,322,high,3,0.56
6,4,2,7.46,0,1,6.66,2,0,2,4.97,310,high,3,0.42
8,7,0,6.93,1,0,7.22,4,1,0,4.6,226,high,4,0.44
7,9,2,5.84,1,1,7.25,3,0,2,5.34,112,medium,4,0.42
7,6,2,6.82,0,1,7.72,1,0,1,5,56,medium,4,0.43
6,8,0,6.01,1,0,7.41,2,0,2,4.93,164,low,2,0.35
6,10,0,6.5,1,1,7.2,1,0,0,4.82,119,low,2,0.1
4,9,2,6.46,1,0,7.35,3,0,1,5.12,235,low,5,0.49
3,5,2,5.69,1,1,6.98,2,0,2,5.67,56,low,3,0.32
6,4,1,6.09,0,1,7.81,1,0,2,5.05,407,medium,5,0.5
3,6,2,7.6,0,0,7.09,5,0,1,4.87,444,medium,3,0.58
10,6,1,6.62,1,0,6.94,1,1,2,5.4,256,low,5,0.35
5,8,1,6.41,1,1,7.73,3,0,0,5.25,97,high,5,0.27
6,9,2,7.41,1,0,7.63,2,0,1,4.56,391,medium,3,0.4
6,10,1,6.3,1,0,6.71,4,0,0,5.4,289,low,1,0.46
4,3,2,6.45,1,0,7.74,3,0,0,5.84,92,high,3,0.56
6,8,2,7,1,0,7.1,4,0,2,4.42,421,medium,5,0.39
5,2,2,6.3,1,1,7.25,2,0,2,4.83,275,low,4,0.39
3,4,1,6.13,1,0,7.47,1,0,0,4.35,307,high,2,0.52
2,3,1,5.37,1,0,7.63,5,0,0,5.18,376,medium,3,0.62
3,3,2,6.03,0,1,7.58,5,0,1,5.5,401,medium,4,0.65
2,8,0,6.03,1,0,7.38,3,0,2,5.23,152,low,3,0.46
8,6,1,6.58,1,0,7.23,3,0,2,5.62,86,high,4,0.52
7,6,1,6.19,0,1,7.56,3,0,2,5.45,189,medium,4,0.47
4,7,0,7.58,1,1,7.35,0,0,2,5.71,156,high,5,0.18
3,7,1,5.97,1,1,8.12,5,0,0,5.55,340,medium,2,0.53
3,4,0,7.2,1,0,7.63,5,1,2,5.08,547,low,2,0.6
6,3,2,6.61,0,0,7.03,2,0,0,5.22,294,high,1,0.82
5,9,2,6.9,1,0,7.21,0,0,2,4.94,317,high,5,0.46
1,2,2,6.87,0,0,7.42,3,1,1,5.13,449,low,3,0.8
8,5,1,5.39,1,0,7.92,3,0,0,5.22,557,medium,1,0.62
9,5,2,6.49,0,0,7.96,4,0,2,5.17,169,high,3,0.74
4,7,0,6.37,1,0,7.24,0,0,2,5.6,504,medium,3,0.53
7,4,2,5.93,1,0,7.03,1,0,2,5.1,558,medium,4,0.6
3,8,2,6.73,1,0,6.98,5,0,2,4.92,418,low,4,0.43
7,7,2,7.36,1,0,7.5,2,0,2,4.94,540,medium,3,0.45
5,5,1,5.16,1,0,8.32,1,0,0,5.4,567,low,1,0.53
6,8,2,6.23,0,0,7.62,1,0,0,4.78,242,low,5,0.38
8,8,2,5.88,0,0,6.76,2,0,2,5.14,542,high,2,0.75
2,1,2,6.54,0,1,7.11,3,0,0,5.6,294,low,3,0.6
4,8,2,6.34,0,1,7.15,5,0,1,5.29,372,low,1,0.73
9,9,2,6.2,1,1,7.07,4,1,1,5.18,67,low,1,0.54
4,7,0,6.84,1,0,7.24,3,0,1,5.19,262,medium,1,0.64
4,1,2,7.32,0,0,7.55,3,0,2,4.89,289,low,3,0.58
3,8,1,7.83,1,0,7.67,0,0,1,4.94,337,medium,3,0.33
4,8,2,6.13,1,1,7.84,1,0,2,5.14,432,medium,1,0.65
4,7,2,5.59,0,0,7.61,1,0,2,5.28,290,low,2,0.75
6,4,2,6.78,1,0,6.62,5,0,2,5.48,505,high,4,0.63
7,8,0,7.31,1,0,6.98,1,0,0,5.23,135,low,2,0.13
3,5,2,6.91,1,0,7.34,4,0,0,5.61,276,medium,2,0.66
6,5,2,7.3,1,1,7.46,4,0,2,5.68,333,low,3,0.44
8,5,2,6.39,1,0,7.74,4,0,2,5.44,372,low,4,0.59
7,8,1,6.2,0,0,7.42,2,0,0,5.57,476,high,2,0.7
3,11,1,6.56,1,0,7.42,5,0,0,4.9,67,medium,5,0.25
4,7,0,6.33,1,0,7.5,4,0,0,4.86,75,medium,3,0.31
6,6,2,6.83,1,1,7.3,0,0,1,5.36,249,medium,3,0.46
8,3,1,6.98,1,0,7.43,0,1,2,4.8,285,medium,2,0.58
3,9,1,7.02,1,1,7.85,3,1,2,5.11,166,medium,3,0.39
4,6,2,6.76,1,0,7.37,3,0,2,5.43,260,high,2,0.79
3,5,2,6.62,1,0,7.39,5,0,2,5.62,67,low,3,0.58
8,5,0,6.9,1,1,7.39,3,0,0,5.12,184,low,2,0.27
1,6,1,5.52,1,1,7.92,3,0,0,5.01,532,high,3,0.51
3,5,0,6.61,1,0,6.96,0,0,1,5.3,134,high,4,0.28
7,6,2,6.53,1,0,8.11,3,1,2,4.88,284,medium,4,0.57
5,6,2,6.61,1,0,6.93,0,1,2,5.15,433,medium,2,0.61
9,5,2,6.46,1,0,7.14,4,0,1,5.2,517,low,3,0.59
5,4,1,6.72,0,0,7.7,4,0,1,5.19,487,low,3,0.66
4,4,0,6.21,0,0,7.81,5,0,0,5.23,557,high,1,0.8
5,5,1,7.06,1,0,6.84,2,0,2,4.95,554,medium,3,0.3
7,7,1,6.74,1,1,6.96,3,0,0,4.98,399,high,2,0.32
3,9,0,6.58,0,0,7.51,4,0,0,4.98,131,low,3,0.36
6,7,2,6.15,1,1,8.34,4,0,0,4.71,570,medium,4,0.34
7,4,0,6.91,1,1,7.9,5,0,1,5.3,541,low,2,0.48
4,1,2,6.6,0,1,7.3,1,0,1,5.47,418,high,2,0.74
4,4,2,6.12,0,1,6.43,1,0,2,5.44,392,high,2,0.67
4,6,0,6.47,1,1,7.43,5,0,1,5.12,144,low,5,0.23
3,4,1,6.81,0,1,7.54,0,0,2,4.96,372,high,4,0.5
4,6,0,6.78,1,0,7.25,2,0,0,5.42,103,medium,1,0.47
2,10,1,6.74,1,0,7.06,5,0,0,5.39,164,low,3,0.42
7,6,0,6.55,1,1,7.46,1,0,0,5.27,409,high,2,0.43
6,5,1,7.01,1,0,7.02,2,0,2,5.72,519,low,3,0.45
7,3,2,7.12,1,0,8.15,4,0,2,5.19,154,high,3,0.56
5,11,0,6.87,1,1,8.01,5,0,2,5.12,67,low,5,0.23
4,3,2,6.21,1,0,7.66,0,0,2,5.08,339,low,2,0.65
5,7,2,5.97,1,1,7.44,2,0,0,4.73,135,high,3,0.3
4,7,0,6.23,1,0,7.14,1,0,1,5.4,585,low,4,0.4
7,5,2,7.48,1,0,7.39,4,1,2,5.17,254,medium,4,0.59
5,7,0,6.64,1,0,8.06,5,0,0,5.35,271,low,3,0.46
6,5,2,7.56,1,1,7.75,3,0,1,5.75,426,high,3,0.47
5,6,1,6.44,0,0,7.48,4,0,0,5.08,182,medium,3,0.54
2,8,1,6.37,0,1,7.77,1,0,1,4.5,565,low,3,0.42
4,6,1,6.46,1,0,7.62,5,1,0,5.34,431,low,4,0.53
4,2,1,6.45,1,0,7.56,1,0,2,5.25,175,low,5,0.39
6,10,2,6.11,1,0,7.79,3,0,1,4.98,220,medium,4,0.44
11,2,1,5.93,1,0,7.61,4,1,1,5.32,230,medium,3,0.65
6,4,1,6.75,0,0,7.74,2,0,0,5.44,41,high,4,0.52
8,9,1,7.03,1,0,7.46,2,0,0,4.92,81,low,1,0.25
5,9,0,7.72,0,0,7.3,4,0,2,5.11,331,medium,2,0.64
3,7,2,6.28,1,0,7.18,2,0,0,5.64,329,high,3,0.62
5,6,2,6.32,1,1,7.13,5,0,0,4.98,550,high,2,0.51
1,4,0,6.11,1,0,6.76,4,0,1,5.22,169,high,5,0.35
8,4,1,7.06,1,0,7.04,4,1,2,4.41,129,low,3,0.36
6,11,0,6.91,0,0,7.02,1,0,2,4.76,514,low,3,0.45
4,8,2,6.06,1,1,7.2,0,0,2,5.25,166,high,3,0.48
7,5,1,6.05,0,1,8.02,1,0,1,5.57,395,medium,4,0.48
1,2,2,6.98,0,1,7.34,2,0,2,4.79,563,medium,3,0.63
7,4,2,6.69,0,0,7.5,0,0,2,5.22,536,medium,2,0.78
3,5,2,6.88,1,1,7.51,4,0,2,5.09,190,low,4,0.41
9,9,0,6.06,0,1,8.04,2,0,2,5.49,204,medium,3,0.55
4,9,1,5.56,1,1,7.17,3,0,0,4.83,117,medium,2,0.29
2,5,1,6.06,1,0,7.31,2,0,1,5.33,428,medium,3,0.59
4,8,1,6.84,1,1,7.36,0,1,0,5,509,medium,1,0.53
6,5,1,7.56,0,0,7.85,0,1,2,5.27,574,medium,5,0.51
2,8,1,6.29,0,0,7.94,4,0,1,5.22,506,low,3,0.68
1,1,0,7.64,1,0,7.59,5,1,0,5.12,312,medium,5,0.44
7,5,1,6.91,1,0,7.89,3,0,2,5.34,481,low,3,0.57
7,6,2,5.8,0,0,7.47,4,0,2,5.21,111,medium,5,0.59
6,4,2,6.61,1,0,7.33,3,0,1,5.16,242,high,2,0.74
8,6,0,6.93,1,1,7.87,3,0,2,5.09,549,low,1,0.52
7,8,0,5.29,1,0,7.6,4,0,2,5.22,163,low,1,0.54
5,6,2,6.82,1,0,7.11,2,0,2,5.27,476,medium,3,0.65
6,8,0,7.09,1,0,7.8,1,0,1,4.9,147,low,1,0.23
6,8,2,6.7,1,1,7.32,3,0,0,5.1,272,medium,3,0.47
7,10,0,6.47,1,0,7.27,0,0,0,4.88,179,high,3,0.23
6,6,2,6.41,1,0,7.76,4,0,2,5.19,562,high,3,0.74
3,7,1,6.38,1,1,7.36,5,0,2,5.02,408,medium,3,0.58
3,6,2,5.91,1,0,7.56,2,0,1,5.43,554,medium,2,0.67
1,11,2,6.16,1,0,7.66,3,0,0,5.4,542,medium,4,0.53
5,8,2,6.29,0,0,7.09,5,0,1,4.92,146,low,3,0.51
3,9,1,6.56,0,0,7.55,2,0,1,5.2,346,low,5,0.52
9,4,2,6.22,1,0,7.94,4,0,2,5.39,41,medium,3,0.61
8,6,0,6.07,1,0,7.02,5,0,0,5.15,119,high,5,0.36
4,10,1,6.88,1,1,7.58,0,0,2,4.98,417,low,3,0.3
2,3,2,6.69,1,0,7.07,3,1,1,4.87,112,medium,5,0.43
